filename,width,height,class,xmin,ymin,xmax,ymax
frame1551.jpg,1280,720,gate,574,373,698,450
frame1551.jpg,1280,720,gate,318,341,344,364
frame1551.jpg,1280,720,gate,127,304,160,346
frame1554.jpg,1280,720,gate,547,364,685,459
frame1554.jpg,1280,720,gate,273,348,299,373
frame1726.jpg,1280,720,gate,644,412,735,483
frame1726.jpg,1280,720,gate,577,381,610,410
frame1726.jpg,1280,720,gate,159,267,208,302
frame1746.jpg,1280,720,gate,638,444,759,520
frame1746.jpg,1280,720,gate,13,253,63,298
frame1746.jpg,1280,720,gate,577,452,632,500
frame1752.jpg,1280,720,gate,622,396,812,519
frame1752.jpg,1280,720,gate,308,345,340,373
frame1752.jpg,1280,720,gate,581,422,641,483
frame1772.jpg,1280,720,gate,708,419,911,597
frame1772.jpg,1280,720,gate,488,310,526,347
frame1773.jpg,1280,720,gate,708,412,930,619
frame1773.jpg,1280,720,gate,486,310,528,346
frame1806.jpg,1280,720,gate,624,393,712,448
frame1810.jpg,1280,720,gate,538,407,644,479
frame1812.jpg,1280,720,gate,499,430,611,508
frame1856.jpg,1280,720,gate,139,135,382,276
frame1856.jpg,1280,720,gate,260,56,302,91
frame1856.jpg,1280,720,gate,775,2,829,42
frame1856.jpg,1280,720,gate,404,18,432,44
frame1856.jpg,1280,720,gate,524,9,548,26
frame1883.jpg,1280,720,gate,591,349,710,419
frame1883.jpg,1280,720,gate,266,380,298,404
frame1883.jpg,1280,720,gate,69,386,104,429
frame1889.jpg,1280,720,gate,462,346,640,459
frame2084.jpg,1280,720,gate,830,501,931,593
frame2084.jpg,1280,720,gate,210,182,246,222
frame2085.jpg,1280,720,gate,870,520,973,614
frame2085.jpg,1280,720,gate,253,175,291,218
frame2085.jpg,1280,720,gate,628,401,666,431
frame2094.jpg,1280,720,gate,895,519,1116,719
frame2094.jpg,1280,720,gate,710,410,754,448
frame2139.jpg,1280,720,gate,641,436,784,522
frame2141.jpg,1280,720,gate,563,428,718,521
frame_align0_00001.jpg,1920,1088,gate,667,319,1184,625
frame_align0_00001.jpg,1920,1088,gate,285,322,662,580
frame_align0_00001.jpg,1920,1088,gate,1848,497,1907,554
frame_align0_00266.jpg,1920,1088,gate,938,329,1165,459
frame_align0_00276.jpg,1920,1088,gate,799,243,1318,543
frame_align0_00336.jpg,1920,1088,gate,1148,328,1242,380
frame_align0_00336.jpg,1920,1088,gate,251,334,341,399
frame_align0_00336.jpg,1920,1088,gate,681,289,734,319
frame_align0_00336.jpg,1920,1088,gate,478,292,528,319
frame_align0_00336.jpg,1920,1088,gate,433,297,479,326
frame_align0_00361.jpg,1920,1088,gate,924,349,1213,509
frame_align0_00361.jpg,1920,1088,gate,339,426,413,466
frame_align0_00361.jpg,1920,1088,gate,94,465,147,499
frame_align0_00361.jpg,1920,1088,gate,144,456,198,489
frame_align0_00431.jpg,1920,1088,gate,759,217,885,291
frame_align0_00446.jpg,1920,1088,gate,976,320,1331,548
frame_align0_00506.jpg,1920,1088,gate,753,317,887,389
frame_align0_00506.jpg,1920,1088,gate,258,379,313,411
frame_align0_00506.jpg,1920,1088,gate,21,429,68,462
frame_align0_00506.jpg,1920,1088,gate,68,417,111,445
frame_align0_00521.jpg,1920,1088,gate,867,271,1202,463
frame_align0_00521.jpg,1920,1088,gate,314,252,385,288
frame_align0_00521.jpg,1920,1088,gate,65,276,118,316
frame_align0_00521.jpg,1920,1088,gate,114,271,170,302
frame_align0_00576.jpg,1920,1088,gate,748,137,1041,305
frame_align0_00646.jpg,1920,1088,gate,1230,222,1371,314
frame_align0_00646.jpg,1920,1088,gate,219,114,291,177
frame_align0_00646.jpg,1920,1088,gate,847,131,907,162
frame_align0_00661.jpg,1920,1088,gate,639,260,1285,583
frame_align0_00661.jpg,1920,1088,gate,347,476,419,514
frame_align0_00661.jpg,1920,1088,gate,162,485,216,516
frame_align0_00661.jpg,1920,1088,gate,108,483,164,520
frame_align0_00726.jpg,1920,1088,gate,714,663,827,794
frame_align0_00751.jpg,1920,1088,gate,816,211,1061,414
frame_align0_00811.jpg,1920,1088,gate,396,311,607,442
frame_align0_00811.jpg,1920,1088,gate,1128,226,1207,268
frame_align0_00811.jpg,1920,1088,gate,1588,299,1645,349
frame_align0_00811.jpg,1920,1088,gate,1519,289,1591,337
frame_align0_00811.jpg,1920,1088,gate,958,200,999,226
frame_align0_00841.jpg,1920,1088,gate,782,336,1111,539
frame_align0_00841.jpg,1920,1088,gate,608,423,665,465
frame_align0_00841.jpg,1920,1088,gate,1179,323,1247,366
frame_align0_00876.jpg,1920,1088,gate,518,209,627,303
frame_align0_00876.jpg,1920,1088,gate,628,145,750,242
frame_align0_00876.jpg,1920,1088,gate,1284,1,1436,72
frame_align0_00896.jpg,1920,1088,gate,654,268,831,380
frame_align0_00896.jpg,1920,1088,gate,834,226,1007,337
frame_align0_00896.jpg,1920,1088,gate,1821,197,1920,317
frame_align0_00896.jpg,1920,1088,gate,1484,143,1538,188
frame_align0_00956.jpg,1920,1088,gate,362,268,641,460
frame_align0_00956.jpg,1920,1088,gate,645,203,996,406
frame_align0_00956.jpg,1920,1088,gate,231,348,325,425
frame_align0_00976.jpg,1920,1088,gate,991,449,1091,503
frame_align0_00976.jpg,1920,1088,gate,356,454,401,497
frame_align0_00996.jpg,1920,1088,gate,938,334,1256,528
frame_align0_01066.jpg,1920,1088,gate,1085,232,1222,308
frame_align0_01066.jpg,1920,1088,gate,33,334,110,414
frame_align0_01066.jpg,1920,1088,gate,616,232,678,266
frame_align0_01066.jpg,1920,1088,gate,418,249,470,280
frame_align0_01081.jpg,1920,1088,gate,705,220,1184,532
frame_align0_01081.jpg,1920,1088,gate,184,485,256,534
frame_align0_01081.jpg,1920,1088,gate,416,429,462,457
frame_align0_01161.jpg,1920,1088,gate,662,432,851,609
frame_align0_01171.jpg,1920,1088,gate,925,349,1528,752
frame_align0_01186.jpg,1920,1088,gate,1,37,253,223
frame_align0_01186.jpg,1920,1088,gate,570,68,656,112
frame_align0_01186.jpg,1920,1088,gate,1008,89,1067,132
frame_align0_01186.jpg,1920,1088,gate,1061,97,1124,143
frame_align0_01206.jpg,1920,1088,gate,174,319,344,489
frame_align0_01206.jpg,1920,1088,gate,1350,171,1439,226
frame_align0_01206.jpg,1920,1088,gate,1802,306,1879,376
frame_align0_01206.jpg,1920,1088,gate,1574,194,1624,225
frame_align0_01206.jpg,1920,1088,gate,1204,132,1250,162
frame_align0_01216.jpg,1920,1088,gate,1094,182,1205,243
frame_align0_01216.jpg,1920,1088,gate,1693,305,1793,383
frame_align0_01216.jpg,1920,1088,gate,1791,328,1856,402
frame_align0_01216.jpg,1920,1088,gate,1361,179,1418,214
frame_align0_01216.jpg,1920,1088,gate,941,148,990,179
frame_align0_01236.jpg,1920,1088,gate,794,222,1090,400
frame_align0_01236.jpg,1920,1088,gate,1158,194,1225,234
frame_align0_01236.jpg,1920,1088,gate,594,292,647,334
frame_align0_01271.jpg,1920,1088,gate,1324,80,1474,205
frame_align0_01271.jpg,1920,1088,gate,334,360,474,472
frame_align0_01271.jpg,1920,1088,gate,470,282,613,399
frame_align0_01271.jpg,1920,1088,gate,1084,32,1139,77
frame_align0_01291.jpg,1920,1088,gate,571,131,914,322
frame_align0_01291.jpg,1920,1088,gate,931,131,1284,332
frame_align0_01291.jpg,1920,1088,gate,1776,234,1838,288
frame_align0_01321.jpg,1920,1088,gate,970,5,1154,114
frame_align0_01321.jpg,1920,1088,gate,1161,42,1339,154
frame_align0_01321.jpg,1920,1088,gate,1269,1,1322,36
frame_align0_01341.jpg,1920,1088,gate,622,263,879,408
frame_align0_01341.jpg,1920,1088,gate,887,256,1162,402
frame_align0_01341.jpg,1920,1088,gate,385,266,488,334
frame_align0_01341.jpg,1920,1088,gate,665,216,702,243
frame_align0_01341.jpg,1920,1088,gate,1090,205,1154,242
frame_align0_01376.jpg,1920,1088,gate,968,286,1133,391
frame_align0_01386.jpg,1920,1088,gate,758,231,1222,534
frame_align0_01456.jpg,1920,1088,gate,971,192,1127,276
frame_align0_01456.jpg,1920,1088,gate,439,211,499,243
frame_align0_01456.jpg,1920,1088,gate,187,254,234,286
frame_align0_01456.jpg,1920,1088,gate,233,245,288,276
frame_align0_01461.jpg,1920,1088,gate,928,179,1164,302
frame_align0_01461.jpg,1920,1088,gate,366,218,435,256
frame_align0_01461.jpg,1920,1088,gate,114,269,163,303
frame_align0_01461.jpg,1920,1088,gate,163,256,215,289
frame_align0_01461.jpg,1920,1088,gate,560,199,601,222
frame_align0_01531.jpg,1920,1088,gate,734,306,821,392
frame_align0_01546.jpg,1920,1088,gate,581,286,678,382
frame_align0_01556.jpg,1920,1088,gate,838,357,984,456
frame_align0_01571.jpg,1920,1088,gate,793,351,1231,648
frame_align0_01611.jpg,1920,1088,gate,131,266,285,399
frame_align0_01611.jpg,1920,1088,gate,1599,237,1678,300
frame_align0_01611.jpg,1920,1088,gate,1678,259,1748,322
frame_align0_01611.jpg,1920,1088,gate,1162,137,1248,186
frame_align0_01611.jpg,1920,1088,gate,1404,162,1453,189
frame_align0_01611.jpg,1920,1088,gate,1041,112,1080,137
frame_align0_01626.jpg,1920,1088,gate,1025,245,1158,311
frame_align0_01626.jpg,1920,1088,gate,1756,331,1858,420
frame_align0_01626.jpg,1920,1088,gate,905,238,950,269
frame_align0_01626.jpg,1920,1088,gate,1350,247,1406,279
frame_align0_01626.jpg,1920,1088,gate,1858,347,1920,427
frame_align0_01641.jpg,1920,1088,gate,750,260,1093,469
frame_align0_01641.jpg,1920,1088,gate,652,343,706,384
frame_align0_01641.jpg,1920,1088,gate,1234,253,1304,295
frame_align0_01686.jpg,1920,1088,gate,1542,186,1705,294
frame_align0_01686.jpg,1920,1088,gate,719,226,844,300
frame_align0_01686.jpg,1920,1088,gate,848,208,982,277
frame_align0_01686.jpg,1920,1088,gate,1525,198,1573,233
frame_align0_01706.jpg,1920,1088,gate,727,332,1138,562
frame_align0_01706.jpg,1920,1088,gate,378,336,724,545
frame_align0_01706.jpg,1920,1088,gate,1774,480,1832,532
frame_align0_01731.jpg,1920,1088,gate,1030,62,1305,225
frame_align0_01731.jpg,1920,1088,gate,788,28,1028,174
frame_align0_01731.jpg,1920,1088,gate,613,12,716,69
frame_align0_01731.jpg,1920,1088,gate,1349,68,1409,112
frame_align0_01731.jpg,1920,1088,gate,927,1,964,30
frame_align0_01746.jpg,1920,1088,gate,890,74,1442,423
frame_align0_01746.jpg,1920,1088,gate,547,88,891,340
frame_align0_01746.jpg,1920,1088,gate,1501,165,1568,210
frame_align0_01766.jpg,1920,1088,gate,671,340,782,411
frame_align0_01766.jpg,1920,1088,gate,4,588,49,642
frame_align0_01781.jpg,1920,1088,gate,682,217,1028,429
frame_align0_01836.jpg,1920,1088,gate,1134,288,1287,380
frame_align0_01836.jpg,1920,1088,gate,71,223,139,294
frame_align0_01836.jpg,1920,1088,gate,723,215,783,246
frame_align0_01836.jpg,1920,1088,gate,889,227,928,248
frame_align0_01836.jpg,1920,1088,gate,526,201,576,227
frame_align0_01836.jpg,1920,1088,gate,476,200,527,228
frame_align0_01851.jpg,1920,1088,gate,894,225,1454,611
frame_align0_01851.jpg,1920,1088,gate,642,186,717,225
frame_align0_01851.jpg,1920,1088,gate,448,189,506,222
frame_align0_01851.jpg,1920,1088,gate,392,193,448,225
frame_align0_01851.jpg,1920,1088,gate,917,202,962,228
frame_align0_01931.jpg,1920,1088,gate,974,437,1113,512
frame_align0_01931.jpg,1920,1088,gate,1710,516,1773,596
frame_align0_01931.jpg,1920,1088,gate,1768,520,1816,594
frame_align0_01931.jpg,1920,1088,gate,1150,432,1204,464
frame_align0_01931.jpg,1920,1088,gate,694,406,744,438
frame_align0_01951.jpg,1920,1088,gate,770,346,1346,647
frame_align0_01951.jpg,1920,1088,gate,1280,410,1355,448
frame_align0_01951.jpg,1920,1088,gate,652,393,709,433
frame_align0_01971.jpg,1920,1088,gate,316,399,437,507
frame_align0_01971.jpg,1920,1088,gate,425,306,559,421
frame_align0_01991.jpg,1920,1088,gate,636,331,813,441
frame_align0_01991.jpg,1920,1088,gate,817,288,1001,398
frame_align0_01991.jpg,1920,1088,gate,1591,205,1648,247
frame_align0_02006.jpg,1920,1088,gate,779,201,1228,473
frame_align0_02006.jpg,1920,1088,gate,399,183,775,411
frame_align0_02006.jpg,1920,1088,gate,1853,463,1910,510
frame_align0_02041.jpg,1920,1088,gate,465,369,554,431
frame_align0_02041.jpg,1920,1088,gate,685,295,900,423
frame_align0_02041.jpg,1920,1088,gate,909,268,1141,396
frame_align0_02041.jpg,1920,1088,gate,1134,300,1189,333
frame_align0_02041.jpg,1920,1088,gate,727,344,758,375
frame_align0_02056.jpg,1920,1088,gate,263,473,362,552
frame_align0_02056.jpg,1920,1088,gate,362,381,727,627
frame_align0_02056.jpg,1920,1088,gate,737,310,1200,581
frame_align0_02091.jpg,1920,1088,gate,983,202,1141,293
frame_align0_02101.jpg,1920,1088,gate,731,172,1054,354
frame_align0_02161.jpg,1920,1088,gate,821,393,943,469
frame_align0_02161.jpg,1920,1088,gate,305,460,360,496
frame_align0_02161.jpg,1920,1088,gate,423,444,459,465
frame_align0_02161.jpg,1920,1088,gate,64,505,107,533
frame_align0_02161.jpg,1920,1088,gate,109,494,155,525
frame_align0_02176.jpg,1920,1088,gate,936,254,1317,498
frame_align0_02176.jpg,1920,1088,gate,685,232,727,257
frame_align0_02176.jpg,1920,1088,gate,446,205,517,248
frame_align0_02176.jpg,1920,1088,gate,248,199,305,232
frame_align0_02176.jpg,1920,1088,gate,195,196,249,233
frame_align0_02241.jpg,1920,1088,gate,701,572,806,699
frame_align0_02256.jpg,1920,1088,gate,862,293,1164,498
frame_align0_02281.jpg,1920,1088,gate,439,37,707,206
frame_align0_02281.jpg,1920,1088,gate,1515,283,1564,333
frame_align0_02281.jpg,1920,1088,gate,1454,258,1518,316
frame_align0_02281.jpg,1920,1088,gate,1210,144,1252,173
frame_align0_02281.jpg,1920,1088,gate,1074,111,1150,162
frame_align0_02296.jpg,1920,1088,gate,275,357,473,504
frame_align0_02296.jpg,1920,1088,gate,1775,174,1839,235
frame_align0_02296.jpg,1920,1088,gate,1701,158,1774,215
frame_align0_02296.jpg,1920,1088,gate,1262,65,1348,114
frame_align0_02296.jpg,1920,1088,gate,1102,33,1144,57
frame_align0_02311.jpg,1920,1088,gate,1754,256,1844,338
frame_align0_02311.jpg,1920,1088,gate,1843,263,1920,341
frame_align0_02311.jpg,1920,1088,gate,1065,201,1189,269
frame_align0_02311.jpg,1920,1088,gate,1344,160,1401,190
frame_align0_02311.jpg,1920,1088,gate,909,186,954,215
frame_align0_02326.jpg,1920,1088,gate,783,244,1099,435
frame_align0_02326.jpg,1920,1088,gate,1207,225,1278,268
frame_align0_02326.jpg,1920,1088,gate,638,317,691,358
frame_align0_02351.jpg,1920,1088,gate,267,458,380,580
frame_align0_02351.jpg,1920,1088,gate,360,346,481,465
frame_align0_02366.jpg,1920,1088,gate,604,241,758,358
frame_align0_02366.jpg,1920,1088,gate,758,172,918,288
frame_align0_02366.jpg,1920,1088,gate,1702,47,1855,181
frame_align0_02381.jpg,1920,1088,gate,818,214,1127,396
frame_align0_02381.jpg,1920,1088,gate,530,181,813,351
frame_align0_02381.jpg,1920,1088,gate,1711,427,1767,479
frame_align0_02406.jpg,1920,1088,gate,1099,42,1406,267
frame_align0_02406.jpg,1920,1088,gate,810,1,1096,127
frame_align0_02411.jpg,1920,1088,gate,1143,244,1420,456
frame_align0_02411.jpg,1920,1088,gate,896,135,1144,326
frame_align0_02411.jpg,1920,1088,gate,726,38,828,107
frame_align0_02411.jpg,1920,1088,gate,1039,101,1074,141
frame_align0_02426.jpg,1920,1088,gate,1031,279,1430,537
frame_align0_02426.jpg,1920,1088,gate,1425,318,1486,362
frame_align0_02426.jpg,1920,1088,gate,705,230,1022,443
frame_align0_02426.jpg,1920,1088,gate,620,212,722,279
frame_align0_02426.jpg,1920,1088,gate,989,235,1026,268
frame_align0_02496.jpg,1920,1088,gate,948,426,1086,496
frame_align0_02496.jpg,1920,1088,gate,1176,439,1234,467
frame_align0_02496.jpg,1920,1088,gate,726,432,775,462
frame_align0_02496.jpg,1920,1088,gate,1689,463,1765,546
frame_align0_02496.jpg,1920,1088,gate,1767,468,1826,542
frame_align0_02511.jpg,1920,1088,gate,816,418,1267,662
frame_align0_02511.jpg,1920,1088,gate,1242,448,1312,485
frame_align0_02511.jpg,1920,1088,gate,631,448,685,484
frame_align0_02566.jpg,1920,1088,gate,449,464,613,580
frame_align0_02566.jpg,1920,1088,gate,620,407,783,523
frame_align0_02566.jpg,1920,1088,gate,1583,209,1707,326
frame_align0_02566.jpg,1920,1088,gate,1239,256,1296,298
frame_align0_02581.jpg,1920,1088,gate,852,325,1250,563
frame_align0_02581.jpg,1920,1088,gate,481,289,841,506
frame_align0_02581.jpg,1920,1088,gate,1795,518,1850,572
frame_align0_02626.jpg,1920,1088,gate,621,294,711,352
frame_align0_02626.jpg,1920,1088,gate,748,251,971,375
frame_align0_02626.jpg,1920,1088,gate,975,249,1228,384
frame_align0_02626.jpg,1920,1088,gate,1341,325,1397,359
frame_align0_02641.jpg,1920,1088,gate,804,332,1310,635
frame_align0_02641.jpg,1920,1088,gate,474,326,817,575
frame_align0_02641.jpg,1920,1088,gate,506,341,609,412
frame_align0_02641.jpg,1920,1088,gate,1370,384,1434,426
frame_align0_02641.jpg,1920,1088,gate,916,351,953,383
frame_align0_02686.jpg,1920,1088,gate,855,436,1053,575
frame_align0_02696.jpg,1920,1088,gate,957,298,1384,626
frame_align0_02756.jpg,1920,1088,gate,978,202,1105,284
frame_align0_02756.jpg,1920,1088,gate,580,84,637,116
frame_align0_02756.jpg,1920,1088,gate,386,60,441,89
frame_align0_02756.jpg,1920,1088,gate,341,57,390,84
frame_align0_02756.jpg,1920,1088,gate,18,78,94,146
frame_align0_02766.jpg,1920,1088,gate,830,269,1104,437
frame_align0_02766.jpg,1920,1088,gate,413,236,479,275
frame_align0_02766.jpg,1920,1088,gate,223,225,274,256
frame_align0_02766.jpg,1920,1088,gate,174,225,223,256
frame_align0_02846.jpg,1920,1088,gate,867,415,1058,570
frame_align0_02856.jpg,1920,1088,gate,926,521,1402,831
frame_align0_02891.jpg,1920,1088,gate,130,216,332,406
frame_align0_02891.jpg,1920,1088,gate,1712,379,1769,442
frame_align0_02891.jpg,1920,1088,gate,1639,348,1712,418
frame_align0_02891.jpg,1920,1088,gate,1215,164,1299,226
frame_align0_02891.jpg,1920,1088,gate,1421,202,1469,233
frame_align0_02891.jpg,1920,1088,gate,1063,94,1105,125
frame_align0_02921.jpg,1920,1088,gate,844,258,1253,475
frame_align0_02921.jpg,1920,1088,gate,1349,305,1420,343
frame_align0_02921.jpg,1920,1088,gate,749,306,807,346
frame_align0_02981.jpg,1920,1088,gate,760,228,915,310
frame_align0_02981.jpg,1920,1088,gate,918,223,1079,302
frame_align0_02981.jpg,1920,1088,gate,1780,369,1920,484
frame_align0_02981.jpg,1920,1088,gate,1623,264,1684,306
frame_align0_02996.jpg,1920,1088,gate,243,320,620,543
frame_align0_02996.jpg,1920,1088,gate,627,301,1055,525
frame_align0_02996.jpg,1920,1088,gate,1632,415,1691,457
frame_align0_03031.jpg,1920,1088,gate,965,151,1170,260
frame_align0_03031.jpg,1920,1088,gate,770,133,960,239
frame_align0_03031.jpg,1920,1088,gate,1160,172,1212,209
frame_align0_03031.jpg,1920,1088,gate,526,137,617,188
frame_align0_03031.jpg,1920,1088,gate,762,136,792,162
frame_align0_03046.jpg,1920,1088,gate,257,217,588,453
frame_align0_03046.jpg,1920,1088,gate,601,148,1000,383
frame_align0_03046.jpg,1920,1088,gate,102,341,196,423
frame_align0_03046.jpg,1920,1088,gate,421,270,455,299
frame_align0_03076.jpg,1920,1088,gate,892,193,1080,294
frame_align0_03081.jpg,1920,1088,gate,859,164,1127,312
frame_align0_03151.jpg,1920,1088,gate,958,333,1104,415
frame_align0_03151.jpg,1920,1088,gate,510,315,568,344
frame_align0_03151.jpg,1920,1088,gate,315,326,364,354
frame_align0_03151.jpg,1920,1088,gate,267,332,315,360
frame_align0_03166.jpg,1920,1088,gate,895,258,1348,528
frame_align0_03166.jpg,1920,1088,gate,744,301,788,327
frame_align0_03166.jpg,1920,1088,gate,491,296,564,335
frame_align0_03166.jpg,1920,1088,gate,297,310,352,336
frame_align0_03166.jpg,1920,1088,gate,246,314,299,342
frame_align0_03251.jpg,1920,1088,gate,774,326,1043,535
frame_align0_03256.jpg,1920,1088,gate,781,327,1222,604
frame_align0_03286.jpg,1920,1088,gate,369,21,642,199
frame_align0_03286.jpg,1920,1088,gate,1281,41,1362,101
frame_align0_03286.jpg,1920,1088,gate,1743,265,1797,326
frame_align0_03286.jpg,1920,1088,gate,1679,232,1748,298
frame_align0_03286.jpg,1920,1088,gate,1453,89,1492,117
frame_align0_03291.jpg,1920,1088,gate,55,200,306,414
frame_align0_03291.jpg,1920,1088,gate,1227,12,1315,69
frame_align0_03291.jpg,1920,1088,gate,1760,197,1820,259
frame_align0_03291.jpg,1920,1088,gate,1691,164,1761,236
frame_align0_03301.jpg,1920,1088,gate,1700,245,1777,321
frame_align0_03301.jpg,1920,1088,gate,1776,252,1842,321
frame_align0_03301.jpg,1920,1088,gate,1027,241,1149,310
frame_align0_03301.jpg,1920,1088,gate,1246,224,1299,255
frame_align0_03301.jpg,1920,1088,gate,812,268,857,297
frame_align0_03316.jpg,1920,1088,gate,793,334,1142,559
frame_align0_03316.jpg,1920,1088,gate,1133,339,1196,382
frame_align0_03316.jpg,1920,1088,gate,556,474,613,515
frame_align0_03351.jpg,1920,1088,gate,525,396,693,503
frame_align0_03351.jpg,1920,1088,gate,698,369,874,467
frame_align0_03351.jpg,1920,1088,gate,1728,288,1890,426
frame_align0_03351.jpg,1920,1088,gate,1458,334,1512,374
frame_align0_03366.jpg,1920,1088,gate,886,344,1262,620
frame_align0_03366.jpg,1920,1088,gate,571,259,890,490
frame_align0_03411.jpg,1920,1088,gate,1070,250,1389,438
frame_align0_03411.jpg,1920,1088,gate,844,264,1075,417
frame_align0_03411.jpg,1920,1088,gate,849,287,937,343
frame_align0_03411.jpg,1920,1088,gate,1232,285,1265,315
frame_align0_03411.jpg,1920,1088,gate,1646,310,1703,353
frame_align0_03421.jpg,1920,1088,gate,439,338,1476,887
frame_align0_03421.jpg,1920,1088,gate,115,520,476,887
frame_align0_03421.jpg,1920,1088,gate,831,730,870,762
frame_align0_03461.jpg,1920,1088,gate,632,381,806,501
frame_align0_03471.jpg,1920,1088,gate,618,350,985,581
frame_align0_03476.jpg,1920,1088,gate,643,148,1395,564
frame_align0_03551.jpg,1920,1088,gate,660,301,947,482
frame_align0_03551.jpg,1920,1088,gate,194,430,258,474
frame_align0_03551.jpg,1920,1088,gate,404,383,439,407
frame_align0_03551.jpg,1920,1088,gate,15,486,65,529
frame_align0_03556.jpg,1920,1088,gate,557,224,1058,525
frame_align0_03556.jpg,1920,1088,gate,148,409,215,455
frame_align0_03556.jpg,1920,1088,gate,389,368,432,393
frame_align0_03626.jpg,1920,1088,gate,412,660,553,829
frame_align0_03636.jpg,1920,1088,gate,733,582,1017,767
frame_align0_03646.jpg,1920,1088,gate,781,476,1501,1059
frame_align0_03756.jpg,1920,1088,gate,934,435,1136,552
frame_align0_03771.jpg,1920,1088,gate,749,324,1299,644
frame_align0_03851.jpg,1920,1088,gate,967,329,1194,454
frame_align0_03851.jpg,1920,1088,gate,482,383,546,416
frame_align0_03851.jpg,1920,1088,gate,677,362,717,386
frame_align0_03851.jpg,1920,1088,gate,236,422,282,455
frame_align0_03851.jpg,1920,1088,gate,285,415,337,444
frame_align0_03856.jpg,1920,1088,gate,905,349,1257,548
frame_align0_03856.jpg,1920,1088,gate,415,440,486,482
frame_align0_03856.jpg,1920,1088,gate,646,425,689,450
frame_align0_03856.jpg,1920,1088,gate,174,476,222,505
frame_align0_03856.jpg,1920,1088,gate,225,464,279,498
frame_align0_03861.jpg,1920,1088,gate,631,219,1472,745
frame_align0_03861.jpg,1920,1088,gate,281,507,360,554
frame_align0_03861.jpg,1920,1088,gate,53,559,100,600
frame_align0_03861.jpg,1920,1088,gate,100,550,152,590
frame_align0_03861.jpg,1920,1088,gate,557,478,595,502
frame_align0_03926.jpg,1920,1088,gate,1282,263,1379,347
frame_align0_03926.jpg,1920,1088,gate,376,939,427,986
frame_align0_03926.jpg,1920,1088,gate,405,921,463,972
frame_align0_03956.jpg,1920,1088,gate,791,557,963,666
frame_align0_03971.jpg,1920,1088,gate,827,417,1260,677
frame_align0_04016.jpg,1920,1088,gate,61,366,286,559
frame_align0_04016.jpg,1920,1088,gate,1122,353,1205,400
frame_align0_04016.jpg,1920,1088,gate,1574,402,1642,455
frame_align0_04016.jpg,1920,1088,gate,1643,409,1704,467
frame_align0_04016.jpg,1920,1088,gate,1304,367,1357,392
frame_align0_04016.jpg,1920,1088,gate,942,343,985,369
frame_align0_04036.jpg,1920,1088,gate,970,458,1098,528
frame_align0_04036.jpg,1920,1088,gate,1685,421,1761,503
frame_align0_04036.jpg,1920,1088,gate,1758,424,1819,497
frame_align0_04036.jpg,1920,1088,gate,1206,454,1261,487
frame_align0_04036.jpg,1920,1088,gate,766,490,806,521
frame_brackrock00706.jpg,1280,720,gate,606,298,648,326
frame_brackrock00756.jpg,1280,720,gate,598,281,656,316
frame_brackrock00806.jpg,1280,720,gate,571,295,653,343
frame_brackrock00856.jpg,1280,720,gate,515,253,689,360
frame_brackrock00861.jpg,1280,720,gate,503,242,694,364
frame_brackrock00876.jpg,1280,720,gate,429,172,754,385
frame_brackrock00881.jpg,1280,720,gate,392,128,811,411
frame_brackrock00991.jpg,1280,720,gate,546,254,644,312
frame_brackrock01016.jpg,1280,720,gate,462,248,683,391
frame_brackrock01026.jpg,1280,720,gate,306,191,755,530
frame_brackrock01496.jpg,1280,720,gate,561,295,675,367
frame_brackrock01501.jpg,1280,720,gate,553,292,678,371
frame_brackrock01506.jpg,1280,720,gate,549,297,682,383
frame_brackrock01511.jpg,1280,720,gate,539,291,688,391
frame_brackrock01516.jpg,1280,720,gate,535,290,703,404
frame_brackrock01521.jpg,1280,720,gate,527,288,723,419
frame_brackrock01531.jpg,1280,720,gate,491,270,776,461
frame_brackrock01536.jpg,1280,720,gate,460,247,827,508
frame_brackrock01541.jpg,1280,720,gate,410,195,918,582
frame_brackrock01781.jpg,1280,720,gate,588,279,666,329
frame_brackrock01801.jpg,1280,720,gate,535,265,665,349
frame_brackrock01816.jpg,1280,720,gate,447,216,719,398
frame_brackrock01821.jpg,1280,720,gate,342,165,804,484
frame_brackrock02221.jpg,1280,720,gate,580,292,644,331
frame_brackrock02251.jpg,1280,720,gate,578,303,664,354
frame_brackrock02281.jpg,1280,720,gate,555,299,671,381
frame_brackrock02301.jpg,1280,720,gate,503,283,685,412
frame_brackrock02316.jpg,1280,720,gate,453,249,769,468
frame_brackrock02321.jpg,1280,720,gate,424,211,841,503
frame_brackrock02701.jpg,1280,720,gate,564,242,660,300
frame_brackrock02706.jpg,1280,720,gate,564,243,675,311
frame_brackrock02711.jpg,1280,720,gate,547,220,687,308
frame_brackrock02716.jpg,1280,720,gate,533,223,715,351
frame_brackrock02721.jpg,1280,720,gate,483,213,756,426
frame_brackrock02726.jpg,1280,720,gate,340,117,839,538
frame_brackrock03071.jpg,1280,720,gate,623,254,681,293
frame_brackrock03116.jpg,1280,720,gate,582,259,695,330
frame_brackrock03136.jpg,1280,720,gate,536,241,733,385
frame_brackrock03146.jpg,1280,720,gate,449,206,790,437
frame_brackrock03511.jpg,1280,720,gate,580,272,653,319
frame_brackrock03556.jpg,1280,720,gate,522,247,706,363
frame_brackrock03561.jpg,1280,720,gate,508,242,719,376
frame_brackrock03571.jpg,1280,720,gate,435,210,765,429
frame_brackrock04561.jpg,1280,720,gate,596,277,673,328
frame_brackrock04566.jpg,1280,720,gate,593,273,679,330
frame_brackrock04571.jpg,1280,720,gate,592,267,685,331
frame_brackrock04586.jpg,1280,720,gate,551,252,695,344
frame_brackrock04591.jpg,1280,720,gate,530,240,699,351
frame_brackrock04601.jpg,1280,720,gate,448,184,745,404
frame_brackrock04966.jpg,1280,720,gate,597,176,662,218
frame_brackrock05006.jpg,1280,720,gate,518,173,704,292
frame_brackrock05016.jpg,1280,720,gate,444,129,782,359
frame_brackrock05306.jpg,1280,720,gate,576,198,634,232
frame_brackrock05341.jpg,1280,720,gate,516,217,636,293
frame_brackrock05351.jpg,1280,720,gate,495,192,678,310
frame_gates_45_1113.jpg,1280,720,gate,603,352,707,422
frame_gates_45_1114.jpg,1280,720,gate,608,350,716,425
frame_gates_45_1115.jpg,1280,720,gate,601,345,716,423
frame_gates_45_1116.jpg,1280,720,gate,604,345,724,423
frame_gates_45_1117.jpg,1280,720,gate,602,343,725,417
frame_gates_45_1119.jpg,1280,720,gate,598,337,730,419
frame_gates_45_1120.jpg,1280,720,gate,603,336,739,422
frame_gates_45_1121.jpg,1280,720,gate,603,335,741,428
frame_gates_45_1122.jpg,1280,720,gate,597,334,743,425
frame_gates_45_1123.jpg,1280,720,gate,597,330,748,427
frame_gates_45_1124.jpg,1280,720,gate,591,321,754,435
frame_gates_45_1125.jpg,1280,720,gate,591,323,761,429
frame_gates_45_1126.jpg,1280,720,gate,585,315,768,436
frame_gates_45_1128.jpg,1280,720,gate,572,302,791,436
frame_gates_5_1040.jpg,1280,720,gate,515,349,614,417
frame_gates_5_1041.jpg,1280,720,gate,510,343,613,412
frame_gates_5_1042.jpg,1280,720,gate,506,338,614,409
frame_gates_5_1043.jpg,1280,720,gate,503,339,615,410
frame_gates_5_1044.jpg,1280,720,gate,513,337,625,411
frame_gates_5_1046.jpg,1280,720,gate,521,335,641,415
frame_gates_5_1047.jpg,1280,720,gate,523,332,647,422
frame_gates_5_1049.jpg,1280,720,gate,522,336,661,423
frame_gates_5_1050.jpg,1280,720,gate,519,338,670,432
frame_gates_5_1051.jpg,1280,720,gate,516,336,672,443
frame_gates_5_1053.jpg,1280,720,gate,509,342,683,460
frame_gates_5_1054.jpg,1280,720,gate,503,345,691,477
frame_gates_5_1055.jpg,1280,720,gate,498,345,701,485
frame_gates_5_1056.jpg,1280,720,gate,490,351,710,498
frame_gates_5_1057.jpg,1280,720,gate,481,348,721,523
frame_gates_5_1058.jpg,1280,720,gate,466,354,731,548
frame_gates_5_452.jpg,1280,720,gate,762,471,820,517
frame_gates_5_453.jpg,1280,720,gate,777,480,836,524
frame_gates_5_454.jpg,1280,720,gate,788,489,848,536
frame_gates_5_455.jpg,1280,720,gate,790,500,853,544
frame_gates_5_456.jpg,1280,720,gate,793,508,856,553
frame_gates_5_457.jpg,1280,720,gate,792,515,862,558
frame_gates_5_458.jpg,1280,720,gate,794,518,864,560
frame_gates_5_459.jpg,1280,720,gate,797,517,866,561
frame_gates_5_461.jpg,1280,720,gate,797,512,868,562
frame_gates_5_462.jpg,1280,720,gate,797,508,869,554
frame_gates_5_463.jpg,1280,720,gate,792,502,866,548
frame_gates_5_464.jpg,1280,720,gate,789,497,860,546
frame_gates_5_465.jpg,1280,720,gate,783,493,854,544
frame_gates_5_466.jpg,1280,720,gate,776,490,847,539
frame_gates_5_467.jpg,1280,720,gate,769,485,842,534
frame_gates_5_468.jpg,1280,720,gate,760,482,838,524
frame_gates_5_469.jpg,1280,720,gate,752,479,826,529
frame_gates_5_470.jpg,1280,720,gate,746,477,818,516
frame_gates_5_471.jpg,1280,720,gate,738,472,813,520
frame_gates_5_472.jpg,1280,720,gate,735,467,805,513
frame_gates_5_473.jpg,1280,720,gate,728,462,801,505
frame_gates_5_474.jpg,1280,720,gate,716,457,794,505
frame_gates_5_476.jpg,1280,720,gate,706,448,781,491
frame_gates_5_477.jpg,1280,720,gate,700,441,778,490
frame_gates_5_478.jpg,1280,720,gate,691,434,773,482
frame_gates_5_479.jpg,1280,720,gate,691,429,766,473
frame_gates_5_480.jpg,1280,720,gate,680,425,765,460
frame_gates_5_481.jpg,1280,720,gate,682,417,760,458
frame_gates_5_482.jpg,1280,720,gate,679,413,756,456
frame_gates_5_483.jpg,1280,720,gate,668,404,756,445
frame_gates_5_484.jpg,1280,720,gate,672,401,748,445
frame_gates_5_485.jpg,1280,720,gate,672,394,752,441
frame_gates_5_486.jpg,1280,720,gate,667,388,747,435
frame_gates_5_487.jpg,1280,720,gate,662,387,745,429
frame_gates_5_488.jpg,1280,720,gate,662,381,748,430
frame_gates_5_489.jpg,1280,720,gate,657,379,746,425
frame_gates_5_490.jpg,1280,720,gate,660,376,747,421
frame_gates_5_491.jpg,1280,720,gate,656,376,746,420
frame_gates_5_492.jpg,1280,720,gate,653,375,744,422
frame_gates_5_493.jpg,1280,720,gate,646,373,742,417
frame_gates_5_494.jpg,1280,720,gate,649,372,742,416
frame_gates_5_495.jpg,1280,720,gate,645,369,743,417
frame_gates_5_496.jpg,1280,720,gate,644,370,743,416
frame_gates_5_497.jpg,1280,720,gate,641,370,741,415
frame_gates_5_498.jpg,1280,720,gate,640,370,740,421
frame_gates_5_499.jpg,1280,720,gate,638,367,739,420
frame_gates_5_500.jpg,1280,720,gate,639,370,739,422
frame_gates_5_501.jpg,1280,720,gate,635,370,735,421
frame_gates_5_502.jpg,1280,720,gate,637,367,739,424
frame_gates_5_503.jpg,1280,720,gate,637,366,741,425
frame_gates_5_504.jpg,1280,720,gate,636,367,740,424
frame_gates_5_505.jpg,1280,720,gate,631,365,744,425
frame_gates_5_506.jpg,1280,720,gate,637,360,747,423
frame_gates_5_507.jpg,1280,720,gate,639,359,752,419
frame_gates_5_508.jpg,1280,720,gate,634,355,758,421
frame_gates_5_509.jpg,1280,720,gate,634,355,758,418
frame_gates_5_511.jpg,1280,720,gate,632,354,760,423
frame_gates_5_512.jpg,1280,720,gate,629,350,766,424
frame_gates_5_513.jpg,1280,720,gate,630,350,766,425
frame_gates_5_514.jpg,1280,720,gate,626,348,768,424
frame_gates_5_515.jpg,1280,720,gate,623,346,772,423
frame_gates_5_516.jpg,1280,720,gate,621,343,773,427
frame_gates_5_517.jpg,1280,720,gate,613,345,779,426
frame_gates_5_518.jpg,1280,720,gate,610,338,782,429
frame_gates_5_519.jpg,1280,720,gate,613,339,783,431
frame_gates_5_520.jpg,1280,720,gate,603,336,784,424
frame_gates_5_521.jpg,1280,720,gate,600,333,789,428
frame_gates_5_522.jpg,1280,720,gate,597,329,797,429
frame_gates_5_523.jpg,1280,720,gate,593,323,803,429
frame_gates_5_525.jpg,1280,720,gate,581,310,810,427
frame_gates_5_526.jpg,1280,720,gate,572,304,821,428
frame_gates_5_527.jpg,1280,720,gate,560,296,827,425
frame_gates_5_528.jpg,1280,720,gate,551,292,841,429
frame_gates_5_529.jpg,1280,720,gate,532,284,848,424
frame_gates_5_530.jpg,1280,720,gate,520,272,859,427
frame_gates_5_531.jpg,1280,720,gate,504,260,878,434
frame_gates_5_532.jpg,1280,720,gate,492,245,903,442
frame_gates_5_533.jpg,1280,720,gate,466,225,928,445
frame_gates_5_826.jpg,1280,720,gate,468,463,560,505
frame_gates_5_827.jpg,1280,720,gate,467,458,557,504
frame_gates_5_828.jpg,1280,720,gate,460,450,553,498
frame_gates_5_829.jpg,1280,720,gate,454,445,549,490
frame_gates_5_830.jpg,1280,720,gate,450,440,543,489
frame_gates_5_831.jpg,1280,720,gate,447,434,541,487
frame_gates_5_832.jpg,1280,720,gate,441,429,540,485
frame_gates_5_833.jpg,1280,720,gate,441,425,539,479
frame_gates_5_834.jpg,1280,720,gate,441,417,541,473
frame_gates_5_835.jpg,1280,720,gate,442,412,543,471
frame_gates_5_836.jpg,1280,720,gate,446,398,547,462
frame_gates_5_837.jpg,1280,720,gate,444,382,544,442
frame_gates_5_838.jpg,1280,720,gate,442,360,544,428
frame_gates_5_839.jpg,1280,720,gate,438,342,540,408
frame_gates_5_840.jpg,1280,720,gate,437,326,535,393
frame_gates_5_841.jpg,1280,720,gate,428,309,528,379
frame_gates_5_842.jpg,1280,720,gate,427,298,525,373
frame_gates_5_843.jpg,1280,720,gate,421,287,522,365
frame_gates_5_845.jpg,1280,720,gate,405,270,508,349
frame_gates_5_846.jpg,1280,720,gate,398,265,500,342
frame_gates_5_847.jpg,1280,720,gate,391,260,491,341
frame_gates_5_848.jpg,1280,720,gate,384,259,484,343
frame_gates_5_849.jpg,1280,720,gate,377,258,476,345
frame_gates_5_850.jpg,1280,720,gate,365,253,462,342
frame_gates_5_851.jpg,1280,720,gate,368,248,460,338
frame_gates_5_852.jpg,1280,720,gate,372,241,468,335
frame_gates_5_853.jpg,1280,720,gate,385,236,478,333
frame_gates_5_880.jpg,1280,720,gate,571,320,716,389
frame_gates_5_881.jpg,1280,720,gate,571,326,723,397
frame_gates_5_882.jpg,1280,720,gate,578,330,734,411
frame_gates_5_883.jpg,1280,720,gate,582,336,743,411
frame_gates_5_884.jpg,1280,720,gate,588,342,751,423
frame_gates_5_886.jpg,1280,720,gate,597,357,770,448
frame_gates_5_887.jpg,1280,720,gate,610,366,781,467
frame_gates_5_888.jpg,1280,720,gate,611,376,790,482
frame_gates_5_890.jpg,1280,720,gate,615,394,810,510
frame_gates_5_892.jpg,1280,720,gate,609,400,810,521
frame_gates_5_893.jpg,1280,720,gate,608,403,810,533
frame_gates_5_894.jpg,1280,720,gate,601,406,811,538
frame_gates_5_896.jpg,1280,720,gate,603,412,814,542
frame_gates_5_897.jpg,1280,720,gate,600,412,820,553
frame_gates_5_898.jpg,1280,720,gate,596,417,823,557
frame_gates_5_899.jpg,1280,720,gate,593,418,828,560
frame_gates_5_900.jpg,1280,720,gate,587,421,828,573
frame_gates_5_901.jpg,1280,720,gate,579,419,822,571
frame_gates_5_903.jpg,1280,720,gate,545,415,813,571
frame_gates_5_904.jpg,1280,720,gate,528,403,795,543
frame_gates_5_905.jpg,1280,720,gate,502,389,787,536
frame_gates_5_906.jpg,1280,720,gate,480,380,779,525
frame_gates_5_907.jpg,1280,720,gate,449,365,762,510
frame_gates_5_908.jpg,1280,720,gate,427,357,753,502
frame_gates_5_909.jpg,1280,720,gate,415,337,757,492
frame_gates_5_910.jpg,1280,720,gate,402,323,764,479
frame_gates_5_913.jpg,1280,720,gate,362,270,783,481
frame_gates_5_914.jpg,1280,720,gate,354,247,795,491
frame_gates_cut2_191.jpg,1280,720,gate,547,388,729,483
frame_gates_cut2_192.jpg,1280,720,gate,549,388,733,484
frame_gates_cut2_193.jpg,1280,720,gate,542,383,739,479
frame_gates_cut2_194.jpg,1280,720,gate,541,388,744,488
frame_gates_cut2_196.jpg,1280,720,gate,528,382,743,492
frame_gates_cut2_197.jpg,1280,720,gate,528,385,753,494
frame_gates_cut2_198.jpg,1280,720,gate,520,379,761,496
frame_gates_cut2_199.jpg,1280,720,gate,506,375,771,510
frame_gates_cut2_200.jpg,1280,720,gate,501,370,783,510
frame_gates_cut2_201.jpg,1280,720,gate,496,370,794,513
frame_gates_cut2_202.jpg,1280,720,gate,482,365,803,530
frame_gates_cut2_203.jpg,1280,720,gate,466,367,815,535
frame_gates_cut2_204.jpg,1280,720,gate,453,357,823,524
frame_gates_cut2_500.jpg,1280,720,gate,585,435,636,467
frame_gates_cut2_501.jpg,1280,720,gate,583,434,637,466
frame_gates_cut2_502.jpg,1280,720,gate,584,431,638,467
frame_gates_cut2_503.jpg,1280,720,gate,589,431,640,468
frame_gates_cut2_504.jpg,1280,720,gate,587,431,641,464
frame_gates_cut2_505.jpg,1280,720,gate,591,429,644,461
frame_gates_cut2_506.jpg,1280,720,gate,593,427,652,462
frame_gates_cut2_507.jpg,1280,720,gate,598,427,652,459
frame_gates_cut2_508.jpg,1280,720,gate,602,428,656,460
frame_gates_cut2_509.jpg,1280,720,gate,603,425,661,459
frame_gates_cut2_510.jpg,1280,720,gate,603,425,666,461
frame_gates_cut2_512.jpg,1280,720,gate,610,423,667,456
frame_gates_cut2_514.jpg,1280,720,gate,610,421,674,455
frame_gates_cut2_515.jpg,1280,720,gate,612,420,673,456
frame_gates_cut2_516.jpg,1280,720,gate,612,421,673,457
frame_gates_cut2_517.jpg,1280,720,gate,609,419,676,451
frame_gates_cut2_518.jpg,1280,720,gate,612,417,671,451
frame_gates_cut2_519.jpg,1280,720,gate,610,417,674,452
frame_gates_cut2_520.jpg,1280,720,gate,610,415,673,454
frame_gates_cut2_521.jpg,1280,720,gate,609,415,678,454
frame_gates_cut2_522.jpg,1280,720,gate,607,412,676,450
frame_gates_cut2_523.jpg,1280,720,gate,607,414,677,453
frame_gates_cut2_525.jpg,1280,720,gate,605,411,676,453
frame_gates_cut2_526.jpg,1280,720,gate,603,411,677,450
frame_gates_cut2_527.jpg,1280,720,gate,603,412,674,451
frame_gates_cut2_528.jpg,1280,720,gate,604,410,676,448
frame_gates_cut2_529.jpg,1280,720,gate,599,410,676,454
frame_gates_cut2_530.jpg,1280,720,gate,600,408,676,451
frame_gates_cut2_531.jpg,1280,720,gate,601,411,672,452
frame_gates_cut2_532.jpg,1280,720,gate,597,409,675,453
frame_gates_cut2_533.jpg,1280,720,gate,599,410,678,452
frame_gates_cut2_535.jpg,1280,720,gate,597,409,679,450
frame_gates_cut2_536.jpg,1280,720,gate,597,408,679,451
frame_gates_cut2_537.jpg,1280,720,gate,601,407,680,450
frame_gates_cut2_538.jpg,1280,720,gate,601,405,688,449
frame_gates_cut2_539.jpg,1280,720,gate,597,405,688,447
frame_gates_cut2_540.jpg,1280,720,gate,599,404,691,449
frame_gates_cut2_541.jpg,1280,720,gate,604,401,694,450
frame_gates_cut2_542.jpg,1280,720,gate,603,401,696,450
frame_gates_cut2_543.jpg,1280,720,gate,607,404,698,454
frame_gates_cut2_544.jpg,1280,720,gate,604,404,704,453
frame_gates_cut2_545.jpg,1280,720,gate,604,401,706,455
frame_gates_cut2_546.jpg,1280,720,gate,605,403,707,454
frame_gates_cut2_547.jpg,1280,720,gate,606,399,710,455
frame_gates_cut2_548.jpg,1280,720,gate,606,399,714,455
frame_gates_cut2_549.jpg,1280,720,gate,605,400,713,462
frame_gates_cut2_551.jpg,1280,720,gate,607,398,722,460
frame_gates_cut2_552.jpg,1280,720,gate,605,396,723,457
frame_gates_cut2_553.jpg,1280,720,gate,601,398,726,459
frame_gates_cut2_554.jpg,1280,720,gate,605,396,726,458
frame_gates_cut2_555.jpg,1280,720,gate,600,394,729,459
frame_gates_cut2_556.jpg,1280,720,gate,600,396,729,460
frame_gates_cut2_557.jpg,1280,720,gate,598,396,728,464
frame_gates_cut2_558.jpg,1280,720,gate,597,395,733,462
frame_gates_cut2_559.jpg,1280,720,gate,595,393,735,466
frame_gates_cut2_561.jpg,1280,720,gate,592,389,738,467
frame_gates_cut2_562.jpg,1280,720,gate,586,388,741,466
frame_gates_cut2_563.jpg,1280,720,gate,585,389,744,467
frame_gates_cut2_564.jpg,1280,720,gate,580,384,747,472
frame_gates_cut2_565.jpg,1280,720,gate,579,385,753,473
frame_gates_cut2_566.jpg,1280,720,gate,575,380,752,476
frame_gates_cut2_567.jpg,1280,720,gate,570,379,762,477
frame_gates_cut2_568.jpg,1280,720,gate,565,381,765,479
frame_gates_cut2_569.jpg,1280,720,gate,565,376,768,485
frame_gates_cut2_572.jpg,1280,720,gate,543,367,787,486
frame_gates_cut2_573.jpg,1280,720,gate,543,362,801,489
frame_gates_cut2_574.jpg,1280,720,gate,535,360,803,492
frame_gates_cut2_575.jpg,1280,720,gate,528,358,816,501
frame_gates_cut2_576.jpg,1280,720,gate,518,358,822,513
frame_gates_cut2_577.jpg,1280,720,gate,500,359,843,528
frame_gates_cut2_578.jpg,1280,720,gate,490,355,850,534
frame_gates_cut2_780.jpg,1280,720,gate,796,444,863,494
frame_gates_cut2_782.jpg,1280,720,gate,801,452,871,499
frame_gates_cut2_783.jpg,1280,720,gate,799,456,872,500
frame_gates_cut2_784.jpg,1280,720,gate,797,458,869,508
frame_gates_cut2_785.jpg,1280,720,gate,793,461,863,506
frame_gates_cut2_786.jpg,1280,720,gate,783,462,855,506
frame_gates_cut2_787.jpg,1280,720,gate,770,465,847,509
frame_gates_cut2_789.jpg,1280,720,gate,749,473,824,519
frame_gates_cut2_790.jpg,1280,720,gate,741,474,817,519
frame_gates_cut2_791.jpg,1280,720,gate,733,477,811,523
frame_gates_cut2_792.jpg,1280,720,gate,727,481,815,525
frame_gates_cut2_794.jpg,1280,720,gate,721,488,810,531
frame_gates_cut2_795.jpg,1280,720,gate,724,488,811,535
frame_gates_cut2_796.jpg,1280,720,gate,723,483,816,531
frame_gates_cut2_797.jpg,1280,720,gate,722,476,816,523
frame_gates_cut2_798.jpg,1280,720,gate,725,467,819,516
frame_gates_cut2_800.jpg,1280,720,gate,725,455,824,508
frame_gates_cut2_801.jpg,1280,720,gate,728,456,823,508
frame_gates_cut2_802.jpg,1280,720,gate,727,453,827,506
frame_gates_cut2_803.jpg,1280,720,gate,723,451,828,509
frame_gates_cut2_805.jpg,1280,720,gate,715,452,827,510
frame_gates_cut2_806.jpg,1280,720,gate,716,449,830,511
frame_gates_cut2_807.jpg,1280,720,gate,717,451,832,512
frame_gates_cut2_808.jpg,1280,720,gate,716,450,833,512
frame_gates_cut2_809.jpg,1280,720,gate,713,449,837,514
frame_gates_cut2_810.jpg,1280,720,gate,712,449,832,515
frame_gates_cut2_811.jpg,1280,720,gate,694,450,832,522
frame_gates_cut2_812.jpg,1280,720,gate,691,448,827,528
frame_gates_cut2_813.jpg,1280,720,gate,680,450,817,534
frame_gates_cut2_815.jpg,1280,720,gate,664,448,804,544
frame_gates_cut2_816.jpg,1280,720,gate,653,458,797,550
frame_gates_cut2_817.jpg,1280,720,gate,642,462,795,562
frame_gates_cut2_818.jpg,1280,720,gate,632,467,790,572
frame_gates_cut2_819.jpg,1280,720,gate,619,474,785,583
frame_gates_cut2_820.jpg,1280,720,gate,609,478,776,592
frame_gates_cut2_822.jpg,1280,720,gate,593,467,777,595
frame_gates_cut2_824.jpg,1280,720,gate,588,452,789,589
frame_gates_cut2_825.jpg,1280,720,gate,585,442,797,582
frame_gates_cut2_826.jpg,1280,720,gate,585,435,809,579
frame_gates_cut2_827.jpg,1280,720,gate,578,426,816,579
frame_gates_cut2_828.jpg,1280,720,gate,577,421,831,582
frame_gates_cut2_829.jpg,1280,720,gate,578,411,841,584
frame_gates_cut2_830.jpg,1280,720,gate,568,409,849,588
frame_gates_cut2_831.jpg,1280,720,gate,560,405,864,607
frame_gates_cut2_832.jpg,1280,720,gate,547,401,873,617
frame_gates_cut2_833.jpg,1280,720,gate,534,401,881,635
frame_gates_cut3_268.jpg,1280,720,gate,645,409,680,467
frame_gates_cut3_269.jpg,1280,720,gate,639,410,674,473
frame_gates_cut3_270.jpg,1280,720,gate,631,409,671,470
frame_gates_cut3_271.jpg,1280,720,gate,628,412,666,466
frame_gates_cut3_272.jpg,1280,720,gate,622,414,660,467
frame_gates_cut3_273.jpg,1280,720,gate,616,419,656,470
frame_gates_cut3_274.jpg,1280,720,gate,609,423,653,477
frame_gates_cut3_276.jpg,1280,720,gate,597,431,643,483
frame_gates_cut3_277.jpg,1280,720,gate,595,434,635,488
frame_gates_cut3_278.jpg,1280,720,gate,588,435,631,487
frame_gates_cut3_279.jpg,1280,720,gate,588,439,624,491
frame_gates_cut3_280.jpg,1280,720,gate,581,438,622,495
frame_gates_cut3_281.jpg,1280,720,gate,576,440,616,492
frame_gates_cut3_282.jpg,1280,720,gate,561,438,605,501
frame_gates_cut3_283.jpg,1280,720,gate,541,440,582,498
frame_gates_cut3_284.jpg,1280,720,gate,514,439,548,496
frame_gates_cut3_285.jpg,1280,720,gate,482,440,518,495
frame_gates_cut3_286.jpg,1280,720,gate,446,440,486,493
frame_gates_cut3_288.jpg,1280,720,gate,403,441,444,497
frame_gates_cut3_290.jpg,1280,720,gate,391,448,434,503
frame_gates_cut3_292.jpg,1280,720,gate,383,453,429,507
frame_gates_cut3_293.jpg,1280,720,gate,383,458,429,513
frame_gates_cut3_294.jpg,1280,720,gate,387,469,431,523
frame_gates_cut3_295.jpg,1280,720,gate,391,487,433,543
frame_gates_cut3_296.jpg,1280,720,gate,396,519,438,573
frame_gates_cut3_297.jpg,1280,720,gate,400,557,444,615
frame_gates_cut3_298.jpg,1280,720,gate,405,597,451,654
frame_gates_cut3_299.jpg,1280,720,gate,411,635,457,694
frame_gates_cut3_300.jpg,1280,720,gate,413,671,464,720
frame_gates_cut3_307.jpg,1280,720,gate,397,642,447,705
frame_gates_cut3_308.jpg,1280,720,gate,390,624,438,681
frame_gates_cut3_309.jpg,1280,720,gate,382,595,428,648
frame_gates_cut3_310.jpg,1280,720,gate,376,565,423,622
frame_gates_cut3_311.jpg,1280,720,gate,372,537,416,590
frame_gates_cut3_318.jpg,1280,720,gate,352,443,399,497
frame_gates_test1_101.jpg,1280,720,gate,195,329,253,403
frame_gates_test1_102.jpg,1280,720,gate,195,324,256,405
frame_gates_test1_103.jpg,1280,720,gate,197,322,256,399
frame_gates_test1_104.jpg,1280,720,gate,204,316,260,392
frame_gates_test1_105.jpg,1280,720,gate,204,306,264,384
frame_gates_test1_106.jpg,1280,720,gate,208,299,260,378
frame_gates_test1_107.jpg,1280,720,gate,213,296,266,373
frame_gates_test1_108.jpg,1280,720,gate,212,293,267,364
frame_gates_test1_109.jpg,1280,720,gate,211,288,266,370
frame_gates_test1_110.jpg,1280,720,gate,217,289,270,360
frame_gates_test1_111.jpg,1280,720,gate,216,285,271,360
frame_gates_test1_112.jpg,1280,720,gate,216,286,274,362
frame_gates_test1_113.jpg,1280,720,gate,218,289,266,367
frame_gates_test1_114.jpg,1280,720,gate,220,287,270,365
frame_gates_test1_115.jpg,1280,720,gate,223,287,273,367
frame_gates_test1_116.jpg,1280,720,gate,224,291,282,370
frame_gates_test1_117.jpg,1280,720,gate,227,292,285,373
frame_gates_test1_118.jpg,1280,720,gate,233,297,287,372
frame_gates_test1_119.jpg,1280,720,gate,234,298,285,376
frame_gates_test1_120.jpg,1280,720,gate,234,304,290,377
frame_gates_test1_32.jpg,1280,720,gate,39,354,228,504
frame_gates_test1_322.jpg,1280,720,gate,3,318,189,486
frame_gates_test1_322.jpg,1280,720,gate,324,357,376,434
frame_gates_test1_323.jpg,1280,720,gate,5,317,190,487
frame_gates_test1_323.jpg,1280,720,gate,323,359,378,430
frame_gates_test1_324.jpg,1280,720,gate,3,316,191,494
frame_gates_test1_324.jpg,1280,720,gate,320,354,379,435
frame_gates_test1_325.jpg,1280,720,gate,3,317,194,491
frame_gates_test1_325.jpg,1280,720,gate,322,350,383,424
frame_gates_test1_326.jpg,1280,720,gate,5,310,194,482
frame_gates_test1_326.jpg,1280,720,gate,330,347,382,423
frame_gates_test1_327.jpg,1280,720,gate,15,308,195,482
frame_gates_test1_327.jpg,1280,720,gate,328,343,384,415
frame_gates_test1_328.jpg,1280,720,gate,18,306,205,474
frame_gates_test1_328.jpg,1280,720,gate,336,345,395,426
frame_gates_test1_329.jpg,1280,720,gate,23,304,212,469
frame_gates_test1_329.jpg,1280,720,gate,345,342,396,424
frame_gates_test1_33.jpg,1280,720,gate,32,362,221,520
frame_gates_test1_330.jpg,1280,720,gate,30,303,206,467
frame_gates_test1_330.jpg,1280,720,gate,347,341,397,429
frame_gates_test1_331.jpg,1280,720,gate,35,303,216,467
frame_gates_test1_331.jpg,1280,720,gate,355,342,403,420
frame_gates_test1_332.jpg,1280,720,gate,35,302,224,467
frame_gates_test1_332.jpg,1280,720,gate,366,342,414,418
frame_gates_test1_333.jpg,1280,720,gate,46,299,228,468
frame_gates_test1_333.jpg,1280,720,gate,365,341,414,416
frame_gates_test1_334.jpg,1280,720,gate,52,299,231,466
frame_gates_test1_334.jpg,1280,720,gate,375,340,422,414
frame_gates_test1_335.jpg,1280,720,gate,48,301,235,465
frame_gates_test1_335.jpg,1280,720,gate,376,342,430,418
frame_gates_test1_336.jpg,1280,720,gate,53,300,243,463
frame_gates_test1_336.jpg,1280,720,gate,379,342,432,414
frame_gates_test1_337.jpg,1280,720,gate,59,308,247,472
frame_gates_test1_337.jpg,1280,720,gate,382,344,435,417
frame_gates_test1_338.jpg,1280,720,gate,66,310,253,490
frame_gates_test1_338.jpg,1280,720,gate,389,348,437,424
frame_gates_test1_339.jpg,1280,720,gate,69,313,252,483
frame_gates_test1_339.jpg,1280,720,gate,390,350,441,430
frame_gates_test1_34.jpg,1280,720,gate,36,379,220,546
frame_gates_test1_340.jpg,1280,720,gate,68,318,255,482
frame_gates_test1_340.jpg,1280,720,gate,395,355,444,437
frame_gates_test1_341.jpg,1280,720,gate,72,323,260,501
frame_gates_test1_341.jpg,1280,720,gate,399,359,448,444
frame_gates_test1_342.jpg,1280,720,gate,80,328,262,495
frame_gates_test1_342.jpg,1280,720,gate,404,363,453,443
frame_gates_test1_343.jpg,1280,720,gate,86,333,274,497
frame_gates_test1_343.jpg,1280,720,gate,406,363,461,448
frame_gates_test1_344.jpg,1280,720,gate,92,336,278,500
frame_gates_test1_344.jpg,1280,720,gate,414,370,467,457
frame_gates_test1_345.jpg,1280,720,gate,101,342,288,513
frame_gates_test1_345.jpg,1280,720,gate,422,376,472,463
frame_gates_test1_35.jpg,1280,720,gate,32,389,212,548
frame_gates_test1_37.jpg,1280,720,gate,32,413,214,572
frame_gates_test1_377.jpg,1280,720,gate,285,394,476,555
frame_gates_test1_377.jpg,1280,720,gate,608,435,659,505
frame_gates_test1_38.jpg,1280,720,gate,30,421,210,572
frame_gates_test1_383.jpg,1280,720,gate,312,394,512,555
frame_gates_test1_383.jpg,1280,720,gate,641,435,695,510
frame_gates_test1_387.jpg,1280,720,gate,347,407,541,565
frame_gates_test1_387.jpg,1280,720,gate,675,441,725,523
frame_gates_test1_39.jpg,1280,720,gate,31,423,212,579
frame_gates_test1_40.jpg,1280,720,gate,34,426,218,581
frame_gates_test1_41.jpg,1280,720,gate,32,417,214,571
frame_gates_test1_42.jpg,1280,720,gate,28,420,210,573
frame_gates_test1_43.jpg,1280,720,gate,21,421,202,568
frame_gates_test1_44.jpg,1280,720,gate,28,417,201,568
frame_gates_test1_45.jpg,1280,720,gate,19,418,207,570
frame_gates_test1_451.jpg,1280,720,gate,740,472,928,629
frame_gates_test1_451.jpg,1280,720,gate,1045,485,1100,565
frame_gates_test1_452.jpg,1280,720,gate,743,472,929,626
frame_gates_test1_452.jpg,1280,720,gate,1052,487,1101,564
frame_gates_test1_453.jpg,1280,720,gate,752,460,939,622
frame_gates_test1_453.jpg,1280,720,gate,1062,476,1108,554
frame_gates_test1_458.jpg,1280,720,gate,781,429,972,597
frame_gates_test1_459.jpg,1280,720,gate,792,422,979,582
frame_gates_test1_46.jpg,1280,720,gate,24,421,203,579
frame_gates_test1_460.jpg,1280,720,gate,803,410,990,577
frame_gates_test1_462.jpg,1280,720,gate,809,404,993,570
frame_gates_test1_463.jpg,1280,720,gate,809,398,999,567
frame_gates_test1_464.jpg,1280,720,gate,810,392,998,573
frame_gates_test1_465.jpg,1280,720,gate,806,398,997,559
frame_gates_test1_466.jpg,1280,720,gate,810,398,997,560
frame_gates_test1_467.jpg,1280,720,gate,809,401,1000,562
frame_gates_test1_468.jpg,1280,720,gate,813,400,1001,573
frame_gates_test1_469.jpg,1280,720,gate,815,404,1000,565
frame_gates_test1_47.jpg,1280,720,gate,28,423,203,579
frame_gates_test1_470.jpg,1280,720,gate,815,403,998,566
frame_gates_test1_471.jpg,1280,720,gate,810,407,1000,566
frame_gates_test1_472.jpg,1280,720,gate,811,404,997,570
frame_gates_test1_473.jpg,1280,720,gate,816,399,1004,567
frame_gates_test1_474.jpg,1280,720,gate,815,396,996,575
frame_gates_test1_475.jpg,1280,720,gate,807,398,992,559
frame_gates_test1_476.jpg,1280,720,gate,800,393,992,553
frame_gates_test1_476.jpg,1280,720,gate,1106,409,1153,492
frame_gates_test1_477.jpg,1280,720,gate,793,390,978,561
frame_gates_test1_478.jpg,1280,720,gate,786,380,972,552
frame_gates_test1_48.jpg,1280,720,gate,28,418,205,573
frame_gates_test1_480.jpg,1280,720,gate,764,362,952,533
frame_gates_test1_481.jpg,1280,720,gate,754,355,941,518
frame_gates_test1_482.jpg,1280,720,gate,736,347,927,507
frame_gates_test1_483.jpg,1280,720,gate,729,339,919,498
frame_gates_test1_484.jpg,1280,720,gate,713,336,903,500
frame_gates_test1_485.jpg,1280,720,gate,691,340,881,502
frame_gates_test1_487.jpg,1280,720,gate,672,331,862,490
frame_gates_test1_488.jpg,1280,720,gate,661,326,851,491
frame_gates_test1_489.jpg,1280,720,gate,649,329,838,492
frame_gates_test1_49.jpg,1280,720,gate,19,422,213,568
frame_gates_test1_490.jpg,1280,720,gate,640,324,831,482
frame_gates_test1_490.jpg,1280,720,gate,957,348,1004,430
frame_gates_test1_491.jpg,1280,720,gate,636,320,828,481
frame_gates_test1_492.jpg,1280,720,gate,632,320,818,481
frame_gates_test1_492.jpg,1280,720,gate,943,347,995,429
frame_gates_test1_50.jpg,1280,720,gate,23,420,210,569
frame_gates_test1_51.jpg,1280,720,gate,21,409,203,559
frame_gates_test1_52.jpg,1280,720,gate,22,400,197,551
frame_gates_test1_53.jpg,1280,720,gate,27,400,200,552
frame_gates_test1_54.jpg,1280,720,gate,24,400,201,551
frame_gates_test1_55.jpg,1280,720,gate,22,403,203,554
frame_gates_test1_56.jpg,1280,720,gate,22,402,203,554
frame_gates_test1_57.jpg,1280,720,gate,22,398,204,555
frame_gates_test1_58.jpg,1280,720,gate,23,398,205,554
frame_gates_test1_59.jpg,1280,720,gate,22,401,201,554
frame_gates_test1_60.jpg,1280,720,gate,22,397,203,550
frame_gates_test1_61.jpg,1280,720,gate,25,398,210,545
frame_gates_test1_62.jpg,1280,720,gate,28,391,210,538
frame_gates_test1_63.jpg,1280,720,gate,24,379,209,525
frame_gates_test1_64.jpg,1280,720,gate,23,369,202,519
frame_gates_test1_65.jpg,1280,720,gate,16,360,199,512
frame_gates_test1_66.jpg,1280,720,gate,16,357,197,510
frame_gates_test1_67.jpg,1280,720,gate,12,342,194,493
frame_gates_test1_68.jpg,1280,720,gate,10,326,187,474
frame_gates_test1_69.jpg,1280,720,gate,16,309,193,460
frame_gates_test1_70.jpg,1280,720,gate,22,297,200,452
frame_gates_test1_71.jpg,1280,720,gate,18,297,196,456
frame_gates_test1_72.jpg,1280,720,gate,12,297,191,455
frame_gates_test1_73.jpg,1280,720,gate,12,299,195,460
frame_gates_test1_74.jpg,1280,720,gate,15,304,197,461
frame_gates_test1_75.jpg,1280,720,gate,21,296,197,458
frame_gates_test1_77.jpg,1280,720,gate,15,292,197,448
frame_gates_test1_78.jpg,1280,720,gate,5,293,183,446
frame_gates_test1_79.jpg,1280,720,gate,2,290,182,442
frame_gates_test1_80.jpg,1280,720,gate,1,295,169,445
frame_gates_test1_81.jpg,1280,720,gate,1,299,165,449
frame_gates_test1_82.jpg,1280,720,gate,1,300,155,453
frame_gates_test1_83.jpg,1280,720,gate,1,298,153,451
frame_gates_test1_84.jpg,1280,720,gate,1,297,147,448
frame_gates_test1_85.jpg,1280,720,gate,1,299,140,450
frame_gates_test4_30.jpg,1280,720,gate,663,657,770,707
frame_gates_test4_34.jpg,1280,720,gate,641,651,749,708
frame_gates_test4_49.jpg,1280,720,gate,593,633,696,689
frame_gates_test4_59.jpg,1280,720,gate,547,192,651,250
frame_gates_test4_66.jpg,1280,720,gate,508,103,610,161
frame_gates_test4_78.jpg,1280,720,gate,538,149,646,245
frame_gates_test4_84.jpg,1280,720,gate,470,182,594,304
frame_gates_test4_90.jpg,1280,720,gate,285,256,430,391
frame_gates_test5_162.jpg,1280,720,gate,395,383,513,465
frame_gates_test5_163.jpg,1280,720,gate,386,380,503,461
frame_gates_test5_165.jpg,1280,720,gate,366,380,497,475
frame_gates_test5_167.jpg,1280,720,gate,353,373,492,481
frame_gates_test5_171.jpg,1280,720,gate,338,360,506,480
frame_gates_test5_172.jpg,1280,720,gate,334,358,511,484
frame_gates_test5_174.jpg,1280,720,gate,333,343,526,472
frame_gates_test5_176.jpg,1280,720,gate,335,329,554,466
frame_gates_test5_177.jpg,1280,720,gate,338,319,566,461
frame_gates_test5_178.jpg,1280,720,gate,347,319,589,464
frame_gates_test5_225.jpg,1280,720,gate,735,325,1001,474
frame_gates_test5_32.jpg,1280,720,gate,578,311,679,367
frame_gates_test5_39.jpg,1280,720,gate,585,291,697,353
frame_gates_test5_52.jpg,1280,720,gate,557,283,708,367
frame_gates_test5_58.jpg,1280,720,gate,522,272,726,370
frame_gates_test5_59.jpg,1280,720,gate,512,267,728,366
frame_gates_test5_61.jpg,1280,720,gate,486,259,729,367
frame_gates_test5_62.jpg,1280,720,gate,467,254,727,374
frame_gates_test5_63.jpg,1280,720,gate,441,248,725,387
frame_gates_test5_65.jpg,1280,720,gate,382,238,723,405
frame_gates_test5_7.jpg,1280,720,gate,541,481,633,523
frame_gates_test7_501.jpg,1280,720,gate,435,348,514,404
frame_gates_test7_515.jpg,1280,720,gate,426,324,537,400
frame_gates_test7_525.jpg,1280,720,gate,412,296,567,411
frame_gates_test7_530.jpg,1280,720,gate,379,267,580,421
frame_gates_test7_531.jpg,1280,720,gate,363,264,582,416
frame_gates_test7_533.jpg,1280,720,gate,345,241,591,436
frame_gates_test8_100.jpg,1280,720,gate,717,273,768,313
frame_gates_test8_100.jpg,1280,720,gate,232,121,267,153
frame_gates_test8_101.jpg,1280,720,gate,717,273,773,313
frame_gates_test8_103.jpg,1280,720,gate,725,271,782,315
frame_gates_test8_104.jpg,1280,720,gate,733,270,788,318
frame_gates_test8_106.jpg,1280,720,gate,730,270,790,317
frame_gates_test8_107.jpg,1280,720,gate,728,268,785,317
frame_gates_test8_108.jpg,1280,720,gate,724,271,787,318
frame_gates_test8_109.jpg,1280,720,gate,723,268,789,317
frame_gates_test8_110.jpg,1280,720,gate,717,267,781,317
frame_gates_test8_111.jpg,1280,720,gate,710,267,776,315
frame_gates_test8_112.jpg,1280,720,gate,700,266,766,315
frame_gates_test8_113.jpg,1280,720,gate,688,265,756,317
frame_gates_test8_114.jpg,1280,720,gate,678,266,747,315
frame_gates_test8_115.jpg,1280,720,gate,666,264,736,317
frame_gates_test8_116.jpg,1280,720,gate,651,267,724,322
frame_gates_test8_117.jpg,1280,720,gate,639,272,713,323
frame_gates_test8_118.jpg,1280,720,gate,632,273,705,325
frame_gates_test8_119.jpg,1280,720,gate,626,276,703,331
frame_gates_test8_121.jpg,1280,720,gate,615,277,696,336
frame_gates_test8_122.jpg,1280,720,gate,609,282,695,339
frame_gates_test8_123.jpg,1280,720,gate,606,283,691,343
frame_gates_test8_124.jpg,1280,720,gate,600,285,689,348
frame_gates_test8_125.jpg,1280,720,gate,596,287,687,352
frame_gates_test8_126.jpg,1280,720,gate,595,288,689,353
frame_gates_test8_127.jpg,1280,720,gate,591,287,687,357
frame_gates_test8_128.jpg,1280,720,gate,587,289,688,360
frame_gates_test8_129.jpg,1280,720,gate,585,283,689,361
frame_gates_test8_131.jpg,1280,720,gate,578,278,685,353
frame_gates_test8_132.jpg,1280,720,gate,572,267,685,348
frame_gates_test8_133.jpg,1280,720,gate,564,263,678,340
frame_gates_test8_134.jpg,1280,720,gate,550,253,671,340
frame_gates_test8_135.jpg,1280,720,gate,536,248,665,340
frame_gates_test8_136.jpg,1280,720,gate,525,248,656,337
frame_gates_test8_137.jpg,1280,720,gate,510,246,649,342
frame_gates_test8_138.jpg,1280,720,gate,501,247,652,342
frame_gates_test8_139.jpg,1280,720,gate,495,242,649,347
frame_gates_test8_141.jpg,1280,720,gate,481,238,657,357
frame_gates_test8_142.jpg,1280,720,gate,471,227,658,362
frame_gates_test8_143.jpg,1280,720,gate,465,229,668,363
frame_gates_test8_144.jpg,1280,720,gate,461,226,684,366
frame_gates_test8_145.jpg,1280,720,gate,450,213,687,371
frame_gates_test8_146.jpg,1280,720,gate,441,204,703,388
frame_gates_test8_147.jpg,1280,720,gate,425,192,719,390
frame_gates_test8_148.jpg,1280,720,gate,424,177,744,398
frame_gates_test8_149.jpg,1280,720,gate,410,156,777,414
frame_gates_test8_24.jpg,1280,720,gate,560,332,675,404
frame_gates_test8_247.jpg,1280,720,gate,785,171,854,227
frame_gates_test8_249.jpg,1280,720,gate,777,168,854,228
frame_gates_test8_250.jpg,1280,720,gate,772,167,851,227
frame_gates_test8_252.jpg,1280,720,gate,763,163,842,225
frame_gates_test8_253.jpg,1280,720,gate,753,161,835,222
frame_gates_test8_254.jpg,1280,720,gate,745,156,828,225
frame_gates_test8_255.jpg,1280,720,gate,732,151,821,221
frame_gates_test8_256.jpg,1280,720,gate,720,148,811,213
frame_gates_test8_257.jpg,1280,720,gate,711,144,803,210
frame_gates_test8_258.jpg,1280,720,gate,700,142,799,210
frame_gates_test8_259.jpg,1280,720,gate,690,139,790,210
frame_gates_test8_260.jpg,1280,720,gate,679,134,788,207
frame_gates_test8_262.jpg,1280,720,gate,660,133,769,210
frame_gates_test8_263.jpg,1280,720,gate,642,132,761,209
frame_gates_test8_264.jpg,1280,720,gate,624,127,747,208
frame_gates_test8_265.jpg,1280,720,gate,603,125,737,207
frame_gates_test8_266.jpg,1280,720,gate,589,123,724,210
frame_gates_test8_267.jpg,1280,720,gate,566,118,716,217
frame_gates_test8_268.jpg,1280,720,gate,555,115,706,223
frame_gates_test8_269.jpg,1280,720,gate,539,117,697,230
frame_gates_test8_270.jpg,1280,720,gate,522,116,696,238
frame_gates_test8_272.jpg,1280,720,gate,484,115,691,260
frame_gates_test8_273.jpg,1280,720,gate,462,117,682,280
frame_gates_test8_274.jpg,1280,720,gate,440,116,678,299
frame_gates_test8_275.jpg,1280,720,gate,417,113,683,318
frame_gates_test8_276.jpg,1280,720,gate,392,111,685,339
frame_gates_test8_30.jpg,1280,720,gate,488,336,619,434
frame_gates_test8_33.jpg,1280,720,gate,492,333,641,437
frame_gates_test8_34.jpg,1280,720,gate,490,329,648,442
frame_gates_test8_36.jpg,1280,720,gate,486,320,655,435
frame_gates_test8_37.jpg,1280,720,gate,485,317,656,439
frame_gates_test8_38.jpg,1280,720,gate,483,316,662,441
frame_gates_test8_386.jpg,1280,720,gate,585,296,722,403
frame_gates_test8_387.jpg,1280,720,gate,563,302,705,412
frame_gates_test8_389.jpg,1280,720,gate,528,309,689,420
frame_gates_test8_39.jpg,1280,720,gate,472,315,660,442
frame_gates_test8_43.jpg,1280,720,gate,451,302,679,458
frame_gates_test8_50.jpg,1280,720,gate,439,196,834,445
frame_gates_test8_617.jpg,1280,720,gate,798,367,1024,599
frame_gates_test8_617.jpg,1280,720,gate,727,254,772,301
frame_gates_test8_619.jpg,1280,720,gate,801,379,1048,657
frame_gates_test8_619.jpg,1280,720,gate,768,264,816,312
frame_gates_test8_92.jpg,1280,720,gate,697,274,745,307
frame_gates_test8_93.jpg,1280,720,gate,700,275,750,310
frame_gates_test8_94.jpg,1280,720,gate,700,271,753,311
frame_gates_test8_95.jpg,1280,720,gate,700,274,752,309
frame_gates_test8_96.jpg,1280,720,gate,704,271,755,310
frame_gates_test8_97.jpg,1280,720,gate,704,275,757,315
frame_gates_test8_98.jpg,1280,720,gate,709,275,763,313
frame_gates_test8_99.jpg,1280,720,gate,717,274,766,313
frame_gates_test9_365.jpg,1280,720,gate,428,119,504,160
frame_gates_test9_366.jpg,1280,720,gate,428,117,508,160
frame_gates_test9_379.jpg,1280,720,gate,453,42,547,90
frame_gates_test9_383.jpg,1280,720,gate,428,41,530,96
frame_gates_test9_386.jpg,1280,720,gate,410,10,523,67
frame_gates_test9_403.jpg,1280,720,gate,215,1,390,90
frame_gates_test9_409.jpg,1280,720,gate,92,104,293,221
frame_gates_test9_411.jpg,1280,720,gate,26,183,243,320
frame_gates_test9_514.jpg,1280,720,gate,634,123,916,285
frame_gates_test9_514.jpg,1280,720,gate,145,22,188,48
frame_gates_test9_517.jpg,1280,720,gate,645,137,975,335
frame_gates_test9_519.jpg,1280,720,gate,644,167,1028,392
frame_gates_test9_522.jpg,1280,720,gate,656,300,1122,567
frame_gates_test9_828.jpg,1280,720,gate,600,18,761,109
frame_gates_test9_833.jpg,1280,720,gate,547,25,747,129
frame_gates_test9_833.jpg,1280,720,gate,218,35,262,59
frame_gates_test9_836.jpg,1280,720,gate,533,34,753,151
frame_gates_test9_836.jpg,1280,720,gate,196,60,237,85
frame_gates_test9_842.jpg,1280,720,gate,510,85,809,238
frame_gates_test9_842.jpg,1280,720,gate,167,131,212,160
frame_gates_test9_844.jpg,1280,720,gate,497,70,832,246
frame_gates_test9_844.jpg,1280,720,gate,159,130,203,155
frame_graupner1586.jpg,1280,720,gate,582,377,666,424
frame_graupner1587.jpg,1280,720,gate,585,377,667,425
frame_graupner1588.jpg,1280,720,gate,581,377,670,425
frame_graupner1589.jpg,1280,720,gate,584,372,672,427
frame_graupner1590.jpg,1280,720,gate,582,373,677,426
frame_graupner1591.jpg,1280,720,gate,581,368,680,431
frame_graupner1592.jpg,1280,720,gate,582,366,681,428
frame_graupner1593.jpg,1280,720,gate,575,364,682,425
frame_graupner1594.jpg,1280,720,gate,578,363,685,429
frame_graupner1595.jpg,1280,720,gate,572,361,685,424
frame_graupner1596.jpg,1280,720,gate,566,358,691,428
frame_graupner1597.jpg,1280,720,gate,568,356,689,426
frame_graupner1598.jpg,1280,720,gate,562,353,691,428
frame_graupner1599.jpg,1280,720,gate,559,351,695,423
frame_graupner1600.jpg,1280,720,gate,554,347,694,424
frame_graupner1601.jpg,1280,720,gate,547,344,695,423
frame_graupner1602.jpg,1280,720,gate,534,343,696,425
frame_graupner1603.jpg,1280,720,gate,534,338,698,423
frame_graupner1604.jpg,1280,720,gate,526,333,700,423
frame_graupner1605.jpg,1280,720,gate,516,329,699,423
frame_graupner1606.jpg,1280,720,gate,510,328,703,423
frame_graupner1607.jpg,1280,720,gate,499,323,705,423
frame_graupner1608.jpg,1280,720,gate,477,317,715,424
frame_graupner1609.jpg,1280,720,gate,472,309,727,432
frame_graupner1610.jpg,1280,720,gate,463,298,735,437
frame_graupner1611.jpg,1280,720,gate,442,292,751,448
frame_graupner1612.jpg,1280,720,gate,432,286,761,448
frame_graupner1613.jpg,1280,720,gate,403,267,791,460
frame_graupner1614.jpg,1280,720,gate,389,260,803,470
frame_graupner1615.jpg,1280,720,gate,342,232,853,485
frame_graupner1771.jpg,1280,720,gate,499,283,586,331
frame_graupner1772.jpg,1280,720,gate,497,285,591,330
frame_graupner1773.jpg,1280,720,gate,499,282,593,335
frame_graupner1774.jpg,1280,720,gate,497,284,600,332
frame_graupner1775.jpg,1280,720,gate,497,282,601,335
frame_graupner1776.jpg,1280,720,gate,500,281,603,335
frame_graupner1777.jpg,1280,720,gate,500,279,610,333
frame_graupner1778.jpg,1280,720,gate,504,278,616,335
frame_graupner1779.jpg,1280,720,gate,504,279,622,334
frame_graupner1780.jpg,1280,720,gate,509,278,631,338
frame_graupner1781.jpg,1280,720,gate,511,278,642,336
frame_graupner1783.jpg,1280,720,gate,513,277,649,342
frame_graupner1784.jpg,1280,720,gate,515,275,652,341
frame_graupner1785.jpg,1280,720,gate,515,274,657,340
frame_graupner1786.jpg,1280,720,gate,510,271,667,342
frame_graupner1787.jpg,1280,720,gate,502,265,670,342
frame_graupner1788.jpg,1280,720,gate,503,262,677,341
frame_graupner1789.jpg,1280,720,gate,499,260,676,343
frame_graupner1790.jpg,1280,720,gate,488,254,685,347
frame_graupner1791.jpg,1280,720,gate,484,251,689,344
frame_graupner1793.jpg,1280,720,gate,459,232,709,353
frame_graupner1794.jpg,1280,720,gate,454,229,721,354
frame_graupner1795.jpg,1280,720,gate,435,213,738,360
frame_graupner1796.jpg,1280,720,gate,425,204,753,362
frame_graupner1797.jpg,1280,720,gate,400,186,788,368
frame_graupner1798.jpg,1280,720,gate,363,160,836,388
frame_graupner1799.jpg,1280,720,gate,341,149,866,399
frame_graupner276.jpg,1280,720,gate,483,302,578,364
frame_graupner277.jpg,1280,720,gate,482,303,580,366
frame_graupner279.jpg,1280,720,gate,488,305,585,367
frame_graupner280.jpg,1280,720,gate,489,303,587,367
frame_graupner281.jpg,1280,720,gate,489,304,590,371
frame_graupner282.jpg,1280,720,gate,489,302,594,371
frame_graupner283.jpg,1280,720,gate,490,302,602,372
frame_graupner284.jpg,1280,720,gate,489,304,600,377
frame_graupner285.jpg,1280,720,gate,490,304,604,377
frame_graupner286.jpg,1280,720,gate,486,304,606,378
frame_graupner287.jpg,1280,720,gate,488,302,610,379
frame_graupner289.jpg,1280,720,gate,483,304,612,382
frame_graupner290.jpg,1280,720,gate,478,300,610,381
frame_graupner291.jpg,1280,720,gate,474,300,612,385
frame_graupner292.jpg,1280,720,gate,473,299,615,388
frame_graupner293.jpg,1280,720,gate,471,301,625,390
frame_graupner294.jpg,1280,720,gate,470,299,627,392
frame_graupner295.jpg,1280,720,gate,467,298,631,391
frame_graupner296.jpg,1280,720,gate,467,296,640,394
frame_graupner297.jpg,1280,720,gate,466,295,641,398
frame_graupner298.jpg,1280,720,gate,462,291,644,399
frame_graupner299.jpg,1280,720,gate,459,283,648,399
frame_graupner300.jpg,1280,720,gate,457,283,656,404
frame_graupner301.jpg,1280,720,gate,454,281,656,410
frame_graupner302.jpg,1280,720,gate,451,278,666,412
frame_graupner303.jpg,1280,720,gate,443,274,679,419
frame_graupner304.jpg,1280,720,gate,437,270,683,420
frame_graupner305.jpg,1280,720,gate,440,271,695,433
frame_graupner306.jpg,1280,720,gate,435,262,700,429
frame_graupner307.jpg,1280,720,gate,429,254,717,435
frame_graupner309.jpg,1280,720,gate,404,244,744,468
frame_graupner310.jpg,1280,720,gate,396,229,765,482
frame_graupner311.jpg,1280,720,gate,377,225,784,504
frame_graupner480.jpg,1280,720,gate,642,264,712,302
frame_graupner481.jpg,1280,720,gate,628,266,700,303
frame_graupner482.jpg,1280,720,gate,614,263,689,304
frame_graupner483.jpg,1280,720,gate,601,263,673,307
frame_graupner484.jpg,1280,720,gate,591,260,665,310
frame_graupner485.jpg,1280,720,gate,575,260,652,307
frame_graupner486.jpg,1280,720,gate,561,261,641,307
frame_graupner487.jpg,1280,720,gate,552,261,633,311
frame_graupner488.jpg,1280,720,gate,541,261,623,309
frame_graupner489.jpg,1280,720,gate,533,262,611,310
frame_graupner490.jpg,1280,720,gate,522,261,607,313
frame_graupner491.jpg,1280,720,gate,510,260,598,314
frame_graupner493.jpg,1280,720,gate,494,260,586,317
frame_graupner494.jpg,1280,720,gate,489,259,585,317
frame_graupner495.jpg,1280,720,gate,491,261,586,320
frame_graupner496.jpg,1280,720,gate,491,260,588,320
frame_graupner497.jpg,1280,720,gate,489,260,591,322
frame_graupner498.jpg,1280,720,gate,489,260,593,323
frame_graupner499.jpg,1280,720,gate,491,260,600,329
frame_graupner500.jpg,1280,720,gate,491,258,603,326
frame_graupner501.jpg,1280,720,gate,499,258,607,327
frame_graupner502.jpg,1280,720,gate,498,258,612,327
frame_graupner503.jpg,1280,720,gate,503,258,622,327
frame_graupner505.jpg,1280,720,gate,506,259,630,333
frame_graupner506.jpg,1280,720,gate,506,258,638,337
frame_graupner507.jpg,1280,720,gate,512,255,640,336
frame_graupner508.jpg,1280,720,gate,509,259,646,336
frame_graupner509.jpg,1280,720,gate,509,258,649,342
frame_graupner510.jpg,1280,720,gate,511,259,659,346
frame_graupner511.jpg,1280,720,gate,508,260,663,353
frame_graupner512.jpg,1280,720,gate,512,257,669,357
frame_graupner513.jpg,1280,720,gate,508,259,678,361
frame_graupner515.jpg,1280,720,gate,503,261,691,368
frame_graupner516.jpg,1280,720,gate,503,257,695,373
frame_graupner517.jpg,1280,720,gate,497,258,700,375
frame_graupner518.jpg,1280,720,gate,495,254,704,381
frame_graupner519.jpg,1280,720,gate,489,254,713,387
frame_graupner520.jpg,1280,720,gate,482,250,719,394
frame_graupner521.jpg,1280,720,gate,479,248,723,399
frame_graupner522.jpg,1280,720,gate,469,240,740,402
frame_graupner523.jpg,1280,720,gate,456,241,753,410
frame_graupner524.jpg,1280,720,gate,436,230,763,414
frame_graupner525.jpg,1280,720,gate,431,223,773,428
frame_graupner526.jpg,1280,720,gate,405,210,788,433
frame_graupner527.jpg,1280,720,gate,390,197,802,447
frame_graupner528.jpg,1280,720,gate,357,187,831,467
frame_graupner566.jpg,1280,720,gate,575,254,672,330
frame_graupner567.jpg,1280,720,gate,572,256,670,337
frame_graupner568.jpg,1280,720,gate,566,259,666,343
frame_graupner569.jpg,1280,720,gate,564,256,669,342
frame_graupner570.jpg,1280,720,gate,560,257,666,341
frame_graupner571.jpg,1280,720,gate,548,259,656,349
frame_graupner572.jpg,1280,720,gate,535,260,652,360
frame_graupner573.jpg,1280,720,gate,522,263,641,358
frame_graupner574.jpg,1280,720,gate,509,265,627,364
frame_graupner575.jpg,1280,720,gate,493,266,616,365
frame_graupner577.jpg,1280,720,gate,433,146,491,183
frame_graupner578.jpg,1280,720,gate,431,146,492,185
frame_graupner579.jpg,1280,720,gate,422,146,488,185
frame_graupner580.jpg,1280,720,gate,418,147,489,189
frame_graupner581.jpg,1280,720,gate,417,148,487,186
frame_graupner582.jpg,1280,720,gate,420,151,488,188
frame_graupner583.jpg,1280,720,gate,418,152,488,190
frame_graupner584.jpg,1280,720,gate,413,155,485,195
frame_graupner585.jpg,1280,720,gate,409,160,487,205
frame_graupner586.jpg,1280,720,gate,405,162,482,201
frame_graupner588.jpg,1280,720,gate,391,167,472,212
frame_graupner589.jpg,1280,720,gate,383,172,471,216
frame_graupner590.jpg,1280,720,gate,376,173,466,221
frame_graupner591.jpg,1280,720,gate,374,178,464,223
frame_graupner592.jpg,1280,720,gate,366,177,466,227
frame_graupner593.jpg,1280,720,gate,366,177,464,228
frame_graupner594.jpg,1280,720,gate,366,179,477,232
frame_graupner595.jpg,1280,720,gate,373,182,485,235
frame_graupner596.jpg,1280,720,gate,378,181,485,233
frame_graupner597.jpg,1280,720,gate,387,187,503,240
frame_graupner599.jpg,1280,720,gate,406,194,524,251
frame_graupner600.jpg,1280,720,gate,418,199,540,258
frame_graupner601.jpg,1280,720,gate,424,202,551,266
frame_graupner602.jpg,1280,720,gate,435,210,566,279
frame_graupner603.jpg,1280,720,gate,444,216,575,283
frame_graupner604.jpg,1280,720,gate,459,225,595,298
frame_graupner605.jpg,1280,720,gate,474,231,611,312
frame_graupner606.jpg,1280,720,gate,479,238,625,323
frame_graupner607.jpg,1280,720,gate,490,250,637,340
frame_graupner608.jpg,1280,720,gate,492,254,640,355
frame_graupner609.jpg,1280,720,gate,491,264,642,371
frame_graupner610.jpg,1280,720,gate,495,277,645,397
frame_graupner611.jpg,1280,720,gate,493,279,641,409
frame_graupner612.jpg,1280,720,gate,489,290,629,432
frame_graupner613.jpg,1280,720,gate,484,295,617,441
frame_graupner614.jpg,1280,720,gate,474,304,588,454
frame_graupner615.jpg,1280,720,gate,439,311,561,467
frame_graupner616.jpg,1280,720,gate,416,312,547,471
frame_graupner617.jpg,1280,720,gate,384,315,544,470
frame_graupner619.jpg,1280,720,gate,350,314,546,470
frame_graupner620.jpg,1280,720,gate,344,310,545,464
frame_graupner621.jpg,1280,720,gate,341,310,546,459
frame_graupner622.jpg,1280,720,gate,352,306,557,443
frame_graupner623.jpg,1280,720,gate,358,299,564,439
frame_graupner624.jpg,1280,720,gate,386,296,575,415
frame_graupner625.jpg,1280,720,gate,406,288,597,398
frame_graupner626.jpg,1280,720,gate,422,286,602,392
frame_graupner627.jpg,1280,720,gate,446,272,611,365
frame_graupner629.jpg,1280,720,gate,477,260,637,342
frame_graupner630.jpg,1280,720,gate,488,248,641,328
frame_graupner631.jpg,1280,720,gate,497,250,640,327
frame_graupner632.jpg,1280,720,gate,500,242,637,323
frame_graupner633.jpg,1280,720,gate,496,240,637,317
frame_graupner634.jpg,1280,720,gate,496,234,633,310
frame_graupner635.jpg,1280,720,gate,500,229,629,303
frame_graupner636.jpg,1280,720,gate,503,228,628,301
frame_graupner637.jpg,1280,720,gate,506,222,631,301
frame_graupner639.jpg,1280,720,gate,518,214,636,292
frame_graupner640.jpg,1280,720,gate,526,212,641,291
frame_graupner641.jpg,1280,720,gate,530,209,641,283
frame_graupner642.jpg,1280,720,gate,539,205,644,279
frame_graupner643.jpg,1280,720,gate,542,207,647,283
frame_graupner644.jpg,1280,720,gate,542,205,646,276
frame_graupner645.jpg,1280,720,gate,541,204,644,273
frame_graupner646.jpg,1280,720,gate,536,200,640,273
frame_graupner647.jpg,1280,720,gate,530,198,637,272
frame_graupner648.jpg,1280,720,gate,531,200,632,273
frame_graupner649.jpg,1280,720,gate,522,200,629,269
frame_graupner650.jpg,1280,720,gate,519,201,622,267
frame_graupner651.jpg,1280,720,gate,520,204,615,271
frame_graupner652.jpg,1280,720,gate,517,206,618,273
frame_graupner653.jpg,1280,720,gate,514,208,617,279
frame_graupner654.jpg,1280,720,gate,514,210,613,274
frame_graupner655.jpg,1280,720,gate,508,213,610,279
frame_graupner656.jpg,1280,720,gate,504,215,605,284
frame_graupner657.jpg,1280,720,gate,499,215,603,283
frame_graupner659.jpg,1280,720,gate,495,218,595,284
frame_graupner660.jpg,1280,720,gate,490,219,588,285
frame_graupner661.jpg,1280,720,gate,485,220,591,289
frame_graupner662.jpg,1280,720,gate,481,223,586,290
frame_graupner663.jpg,1280,720,gate,480,223,579,285
frame_graupner664.jpg,1280,720,gate,473,221,580,286
frame_graupner665.jpg,1280,720,gate,467,221,572,285
frame_graupner666.jpg,1280,720,gate,465,217,571,285
frame_graupner667.jpg,1280,720,gate,460,218,570,287
frame_graupner668.jpg,1280,720,gate,459,218,565,285
frame_graupner669.jpg,1280,720,gate,452,215,560,280
frame_graupner670.jpg,1280,720,gate,443,215,553,279
frame_graupner671.jpg,1280,720,gate,441,213,553,278
frame_graupner672.jpg,1280,720,gate,432,210,547,279
frame_graupner674.jpg,1280,720,gate,416,207,536,277
frame_graupner675.jpg,1280,720,gate,410,205,529,273
frame_graupner676.jpg,1280,720,gate,403,204,526,272
frame_graupner677.jpg,1280,720,gate,393,198,518,271
frame_graupner678.jpg,1280,720,gate,393,198,517,270
frame_graupner679.jpg,1280,720,gate,388,198,516,267
frame_graupner680.jpg,1280,720,gate,389,195,516,267
frame_graupner681.jpg,1280,720,gate,386,193,519,268
frame_graupner682.jpg,1280,720,gate,388,194,524,270
frame_graupner683.jpg,1280,720,gate,388,190,526,269
frame_graupner684.jpg,1280,720,gate,391,192,527,268
frame_graupner685.jpg,1280,720,gate,399,190,536,267
frame_graupner686.jpg,1280,720,gate,400,189,544,266
frame_graupner687.jpg,1280,720,gate,412,190,557,270
frame_graupner688.jpg,1280,720,gate,416,188,560,269
frame_graupner689.jpg,1280,720,gate,424,187,572,268
frame_graupner690.jpg,1280,720,gate,434,184,582,269
frame_graupner691.jpg,1280,720,gate,437,183,586,267
frame_graupner692.jpg,1280,720,gate,449,180,601,270
frame_graupner693.jpg,1280,720,gate,451,180,607,270
frame_graupner694.jpg,1280,720,gate,463,174,618,271
frame_graupner695.jpg,1280,720,gate,469,178,627,273
frame_graupner696.jpg,1280,720,gate,485,171,646,274
frame_graupner697.jpg,1280,720,gate,505,166,670,275
frame_graupner698.jpg,1280,720,gate,518,165,682,277
frame_graupner699.jpg,1280,720,gate,535,161,711,281
frame_graupner700.jpg,1280,720,gate,547,162,726,284
frame_graupner701.jpg,1280,720,gate,572,160,753,297
frame_graupner702.jpg,1280,720,gate,591,164,781,311
frame_graupner703.jpg,1280,720,gate,594,167,791,317
frame_graupner704.jpg,1280,720,gate,603,176,809,340
frame_graupner705.jpg,1280,720,gate,604,167,814,348
frame_graupner706.jpg,1280,720,gate,599,180,810,373
frame_graupner707.jpg,1280,720,gate,589,186,797,395
frame_graupner709.jpg,1280,720,gate,554,181,767,424
frame_graupner710.jpg,1280,720,gate,538,177,750,434
frame_graupner711.jpg,1280,720,gate,500,162,714,447
frame_graupner712.jpg,1280,720,gate,399,136,672,453
frame_graupner713.jpg,1280,720,gate,338,113,643,462
frame_graupner714.jpg,1280,720,gate,201,70,605,467
frame_graupner715.jpg,1280,720,gate,115,38,591,468
frame_graupner716.jpg,1280,720,gate,1,8,587,429
frame_graupner736.jpg,1280,720,gate,206,1,505,173
frame_graupner738.jpg,1280,720,gate,247,6,518,185
frame_graupner739.jpg,1280,720,gate,264,15,524,188
frame_graupner740.jpg,1280,720,gate,274,17,525,190
frame_graupner741.jpg,1280,720,gate,294,23,529,192
frame_graupner742.jpg,1280,720,gate,307,28,532,197
frame_graupner743.jpg,1280,720,gate,316,29,534,198
frame_graupner744.jpg,1280,720,gate,327,36,539,207
frame_graupner766.jpg,1280,720,gate,153,240,580,679
frame_graupner767.jpg,1280,720,gate,127,259,606,694
frame_graupner769.jpg,1280,720,gate,84,279,605,710
frame_graupner770.jpg,1280,720,gate,58,297,609,714
frame_graupner771.jpg,1280,720,gate,34,293,602,690
frame_graupner772.jpg,1280,720,gate,3,300,586,652
frame_graupner773.jpg,1280,720,gate,2,302,577,639
frame_graupner774.jpg,1280,720,gate,3,292,566,599
frame_graupner775.jpg,1280,720,gate,1,282,558,576
frame_graupner776.jpg,1280,720,gate,12,270,537,528
frame_graupner777.jpg,1280,720,gate,41,259,535,527
frame_graupner779.jpg,1280,720,gate,109,239,540,505
frame_graupner780.jpg,1280,720,gate,136,235,545,503
frame_graupner781.jpg,1280,720,gate,203,226,561,485
frame_graupner782.jpg,1280,720,gate,265,216,579,467
frame_graupner783.jpg,1280,720,gate,287,213,591,450
frame_graupner784.jpg,1280,720,gate,352,207,613,437
frame_graupner785.jpg,1280,720,gate,382,202,631,426
frame_graupner786.jpg,1280,720,gate,421,193,647,404
frame_graupner787.jpg,1280,720,gate,460,186,664,392
frame_graupner789.jpg,1280,720,gate,484,181,672,378
frame_graupner790.jpg,1280,720,gate,487,180,667,370
frame_graupner791.jpg,1280,720,gate,490,172,660,362
frame_graupner792.jpg,1280,720,gate,485,171,649,347
frame_graupner793.jpg,1280,720,gate,488,171,643,343
frame_graupner859.jpg,1280,720,gate,235,35,441,113
frame_graupner860.jpg,1280,720,gate,255,39,453,117
frame_graupner861.jpg,1280,720,gate,285,48,478,132
frame_graupner862.jpg,1280,720,gate,306,53,497,140
frame_graupner863.jpg,1280,720,gate,339,64,523,154
frame_graupner864.jpg,1280,720,gate,371,77,552,167
frame_graupner865.jpg,1280,720,gate,387,81,570,171
frame_graupner866.jpg,1280,720,gate,420,87,598,180
frame_graupner868.jpg,1280,720,gate,464,102,635,193
frame_graupner869.jpg,1280,720,gate,485,109,654,206
frame_graupner870.jpg,1280,720,gate,489,114,666,206
frame_graupner871.jpg,1280,720,gate,504,122,672,216
frame_graupner872.jpg,1280,720,gate,506,123,676,222
frame_graupner874.jpg,1280,720,gate,504,134,685,238
frame_graupner875.jpg,1280,720,gate,503,138,685,245
frame_graupner876.jpg,1280,720,gate,502,143,683,252
frame_graupner877.jpg,1280,720,gate,497,146,691,255
frame_graupner878.jpg,1280,720,gate,488,147,688,267
frame_graupner879.jpg,1280,720,gate,491,154,687,276
frame_graupner880.jpg,1280,720,gate,483,159,687,288
frame_graupner881.jpg,1280,720,gate,478,162,693,293
frame_graupner882.jpg,1280,720,gate,479,163,689,300
frame_graupner883.jpg,1280,720,gate,467,168,693,313
frame_graupner884.jpg,1280,720,gate,453,173,692,326
frame_graupner885.jpg,1280,720,gate,452,179,686,332
frame_graupner886.jpg,1280,720,gate,424,179,686,342
frame_graupner887.jpg,1280,720,gate,416,178,682,348
frame_graupner888.jpg,1280,720,gate,385,185,670,372
frame_graupner889.jpg,1280,720,gate,355,194,656,390
frame_graupner890.jpg,1280,720,gate,337,198,653,398
frame_graupner891.jpg,1280,720,gate,285,210,638,415
frame_graupner892.jpg,1280,720,gate,265,210,633,432
frame_graupner893.jpg,1280,720,gate,210,222,606,465
frame_graupner894.jpg,1280,720,gate,136,235,584,520
frame_graupner895.jpg,1280,720,gate,110,242,572,541
frame_graupner896.jpg,1280,720,gate,19,271,535,598
frame_graupner897.jpg,1280,720,gate,1,290,514,632
frame_graupner_21308.jpg,1280,720,gate,583,286,655,330
frame_graupner_21309.jpg,1280,720,gate,583,288,653,332
frame_graupner_21310.jpg,1280,720,gate,585,290,657,333
frame_graupner_21311.jpg,1280,720,gate,585,290,661,335
frame_graupner_21312.jpg,1280,720,gate,588,289,662,335
frame_graupner_21313.jpg,1280,720,gate,590,290,666,339
frame_graupner_21314.jpg,1280,720,gate,588,292,669,340
frame_graupner_21315.jpg,1280,720,gate,591,292,672,343
frame_graupner_21317.jpg,1280,720,gate,592,292,675,348
frame_graupner_21318.jpg,1280,720,gate,592,296,679,348
frame_graupner_21319.jpg,1280,720,gate,596,298,680,351
frame_graupner_21320.jpg,1280,720,gate,600,298,683,349
frame_graupner_21321.jpg,1280,720,gate,597,297,688,350
frame_graupner_21322.jpg,1280,720,gate,603,297,690,353
frame_graupner_21323.jpg,1280,720,gate,604,298,690,355
frame_graupner_21324.jpg,1280,720,gate,598,300,697,357
frame_graupner_21325.jpg,1280,720,gate,599,300,700,358
frame_graupner_21327.jpg,1280,720,gate,599,297,708,360
frame_graupner_21328.jpg,1280,720,gate,601,299,710,362
frame_graupner_21329.jpg,1280,720,gate,600,297,711,365
frame_graupner_21330.jpg,1280,720,gate,603,298,716,364
frame_graupner_21331.jpg,1280,720,gate,598,299,718,369
frame_graupner_21332.jpg,1280,720,gate,599,296,723,370
frame_graupner_21333.jpg,1280,720,gate,595,298,727,373
frame_graupner_21334.jpg,1280,720,gate,599,296,723,371
frame_graupner_21335.jpg,1280,720,gate,597,293,735,376
frame_graupner_21337.jpg,1280,720,gate,593,289,739,378
frame_graupner_21338.jpg,1280,720,gate,585,289,742,382
frame_graupner_21339.jpg,1280,720,gate,588,289,745,384
frame_graupner_21340.jpg,1280,720,gate,585,287,746,385
frame_graupner_21341.jpg,1280,720,gate,575,282,747,388
frame_graupner_21342.jpg,1280,720,gate,575,282,750,388
frame_graupner_21343.jpg,1280,720,gate,569,279,751,395
frame_graupner_21344.jpg,1280,720,gate,559,277,763,393
frame_graupner_21345.jpg,1280,720,gate,557,272,769,397
frame_graupner_21346.jpg,1280,720,gate,544,268,763,401
frame_graupner_21347.jpg,1280,720,gate,545,259,783,408
frame_graupner_21348.jpg,1280,720,gate,531,260,792,412
frame_graupner_21349.jpg,1280,720,gate,520,248,804,415
frame_graupner_21350.jpg,1280,720,gate,510,245,813,421
frame_graupner_21352.jpg,1280,720,gate,470,223,841,442
frame_graupner_21353.jpg,1280,720,gate,441,206,864,452
frame_graupner_21354.jpg,1280,720,gate,397,189,893,482
frame_graupner_21402.jpg,1280,720,gate,398,320,548,467
frame_graupner_21403.jpg,1280,720,gate,406,323,566,474
frame_graupner_21404.jpg,1280,720,gate,415,322,583,478
frame_graupner_21405.jpg,1280,720,gate,423,317,601,481
frame_graupner_21406.jpg,1280,720,gate,430,317,619,491
frame_graupner_2557.jpg,1280,720,gate,581,260,666,320
frame_graupner_2558.jpg,1280,720,gate,575,260,649,322
frame_graupner_2559.jpg,1280,720,gate,571,260,651,318
frame_graupner_2560.jpg,1280,720,gate,570,255,659,323
frame_graupner_2562.jpg,1280,720,gate,572,253,664,326
frame_graupner_2563.jpg,1280,720,gate,575,254,663,327
frame_graupner_2564.jpg,1280,720,gate,575,254,673,326
frame_graupner_2565.jpg,1280,720,gate,575,254,672,331
frame_graupner_2566.jpg,1280,720,gate,576,255,675,336
frame_graupner_2567.jpg,1280,720,gate,570,256,673,339
frame_graupner_2568.jpg,1280,720,gate,567,256,671,341
frame_graupner_2569.jpg,1280,720,gate,565,255,674,341
frame_graupner_2570.jpg,1280,720,gate,559,256,671,343
frame_graupner_2571.jpg,1280,720,gate,548,258,661,354
frame_graupner_2572.jpg,1280,720,gate,535,261,652,354
frame_graupner_2573.jpg,1280,720,gate,522,260,641,359
frame_graupner_2574.jpg,1280,720,gate,510,265,633,367
frame_graupner_2575.jpg,1280,720,gate,494,267,618,371
frame_graupner_2576.jpg,1280,720,gate,478,267,607,376
frame_graupner_2577.jpg,1280,720,gate,468,263,598,377
frame_graupner_2578.jpg,1280,720,gate,452,268,590,383
frame_graupner_2579.jpg,1280,720,gate,442,268,581,384
frame_graupner_2580.jpg,1280,720,gate,438,267,587,392
frame_graupner_2581.jpg,1280,720,gate,443,269,593,396
frame_graupner_2582.jpg,1280,720,gate,445,272,595,398
frame_graupner_2583.jpg,1280,720,gate,447,273,599,410
frame_graupner_2584.jpg,1280,720,gate,446,273,610,420
frame_graupner_2585.jpg,1280,720,gate,447,274,616,417
frame_graupner_2586.jpg,1280,720,gate,448,280,610,426
frame_graupner_2587.jpg,1280,720,gate,441,280,614,436
frame_graupner_2588.jpg,1280,720,gate,441,277,623,440
frame_graupner_2589.jpg,1280,720,gate,438,278,623,447
frame_graupner_2590.jpg,1280,720,gate,439,277,629,454
frame_graupner_2592.jpg,1280,720,gate,422,276,626,472
frame_graupner_2593.jpg,1280,720,gate,422,277,636,479
frame_graupner_2594.jpg,1280,720,gate,419,272,643,493
frame_graupner_2595.jpg,1280,720,gate,421,271,660,498
frame_graupner_2596.jpg,1280,720,gate,422,270,673,506
frame_graupner_2597.jpg,1280,720,gate,423,266,683,507
frame_graupner_2598.jpg,1280,720,gate,422,262,695,520
frame_graupner_2599.jpg,1280,720,gate,416,253,703,535
frame_graupner_2600.jpg,1280,720,gate,412,248,719,537
frame_graupner_2601.jpg,1280,720,gate,403,246,741,557
frame_graupner_2602.jpg,1280,720,gate,386,230,754,569
frame_graupner_2656.jpg,1280,720,gate,847,228,914,282
frame_graupner_2658.jpg,1280,720,gate,785,217,852,273
frame_graupner_2659.jpg,1280,720,gate,759,214,828,270
frame_graupner_2660.jpg,1280,720,gate,741,215,811,271
frame_graupner_2661.jpg,1280,720,gate,729,215,804,273
frame_graupner_2662.jpg,1280,720,gate,718,216,789,272
frame_graupner_2663.jpg,1280,720,gate,714,216,788,277
frame_graupner_2665.jpg,1280,720,gate,691,223,768,282
frame_graupner_2666.jpg,1280,720,gate,673,229,748,287
frame_graupner_2667.jpg,1280,720,gate,661,229,729,294
frame_graupner_2668.jpg,1280,720,gate,661,229,735,292
frame_graupner_2669.jpg,1280,720,gate,658,229,735,302
frame_graupner_2670.jpg,1280,720,gate,644,235,724,304
frame_graupner_2671.jpg,1280,720,gate,635,244,711,311
frame_graupner_2672.jpg,1280,720,gate,628,248,706,314
frame_graupner_2673.jpg,1280,720,gate,620,253,705,324
frame_graupner_2674.jpg,1280,720,gate,614,263,693,333
frame_graupner_2675.jpg,1280,720,gate,610,270,694,347
frame_graupner_2676.jpg,1280,720,gate,612,277,693,349
frame_graupner_2677.jpg,1280,720,gate,611,279,692,356
frame_graupner_2678.jpg,1280,720,gate,609,285,691,363
frame_graupner_2679.jpg,1280,720,gate,612,288,693,369
frame_graupner_2680.jpg,1280,720,gate,610,290,696,373
frame_graupner_2681.jpg,1280,720,gate,608,297,697,379
frame_graupner_2682.jpg,1280,720,gate,602,302,688,385
frame_graupner_2683.jpg,1280,720,gate,597,308,690,394
frame_graupner_2684.jpg,1280,720,gate,599,310,684,392
frame_graupner_2685.jpg,1280,720,gate,597,315,693,406
frame_graupner_2686.jpg,1280,720,gate,603,318,692,412
frame_graupner_2687.jpg,1280,720,gate,602,321,697,417
frame_graupner_2688.jpg,1280,720,gate,602,323,703,419
frame_graupner_2690.jpg,1280,720,gate,603,330,710,429
frame_graupner_2691.jpg,1280,720,gate,603,333,709,433
frame_graupner_2692.jpg,1280,720,gate,603,339,710,441
frame_graupner_2693.jpg,1280,720,gate,607,337,720,442
frame_graupner_2694.jpg,1280,720,gate,605,342,727,451
frame_graupner_2695.jpg,1280,720,gate,616,349,733,455
frame_graupner_2696.jpg,1280,720,gate,622,349,742,459
frame_graupner_2697.jpg,1280,720,gate,620,355,754,465
frame_graupner_2698.jpg,1280,720,gate,625,359,764,470
frame_graupner_2699.jpg,1280,720,gate,633,365,767,477
frame_graupner_2700.jpg,1280,720,gate,640,366,783,478
frame_graupner_2701.jpg,1280,720,gate,641,369,785,487
frame_graupner_2702.jpg,1280,720,gate,645,372,791,490
frame_graupner_2703.jpg,1280,720,gate,641,379,798,494
frame_graupner_2705.jpg,1280,720,gate,644,385,810,504
frame_graupner_2706.jpg,1280,720,gate,641,390,822,510
frame_graupner_2707.jpg,1280,720,gate,639,393,828,515
frame_graupner_2708.jpg,1280,720,gate,637,398,824,520
frame_graupner_2709.jpg,1280,720,gate,629,401,832,525
frame_graupner_2710.jpg,1280,720,gate,624,404,827,535
frame_graupner_2711.jpg,1280,720,gate,624,404,834,541
frame_graupner_2712.jpg,1280,720,gate,622,405,836,562
frame_graupner_2713.jpg,1280,720,gate,628,407,851,577
frame_graupner_2714.jpg,1280,720,gate,626,417,865,586
frame_graupner_2715.jpg,1280,720,gate,623,413,874,606
frame_graupner_2716.jpg,1280,720,gate,623,423,894,629
frame_graupner_2717.jpg,1280,720,gate,625,430,902,650
frame_graupner_2718.jpg,1280,720,gate,614,439,916,673
frame_graupner_2719.jpg,1280,720,gate,611,445,928,698
frame_graupner_2720.jpg,1280,720,gate,604,451,941,713
frame_graupner_2721.jpg,1280,720,gate,590,465,966,717
frame_graupner_2722.jpg,1280,720,gate,579,467,981,720
frame_graupner_2890.jpg,1280,720,gate,528,307,804,514
frame_graupner_2891.jpg,1280,720,gate,523,301,838,529
frame_graupner_2892.jpg,1280,720,gate,514,298,851,552
frame_graupner_2893.jpg,1280,720,gate,497,295,852,567
frame_graupner_2894.jpg,1280,720,gate,485,288,863,599
frame_video10_430.jpg,1280,720,gate,545,329,617,387
frame_video10_435.jpg,1280,720,gate,522,350,605,412
frame_video10_438.jpg,1280,720,gate,625,347,717,405
frame_video10_441.jpg,1280,720,gate,729,376,826,428
frame_video10_444.jpg,1280,720,gate,772,404,883,468
frame_video10_446.jpg,1280,720,gate,773,406,884,473
frame_video10_881.jpg,1280,720,gate,589,388,658,441
frame_video10_884.jpg,1280,720,gate,458,415,527,473
frame_video10_887.jpg,1280,720,gate,362,410,437,476
frame_video10_890.jpg,1280,720,gate,285,400,364,465
frame_video11_102.jpg,1280,720,gate,939,525,997,574
frame_video11_105.jpg,1280,720,gate,930,439,992,486
frame_video11_106.jpg,1280,720,gate,931,417,995,462
frame_video11_109.jpg,1280,720,gate,927,373,994,425
frame_video11_112.jpg,1280,720,gate,924,357,988,408
frame_video11_114.jpg,1280,720,gate,929,360,990,410
frame_video11_90.jpg,1280,720,gate,940,595,1004,642
frame_video11_93.jpg,1280,720,gate,936,563,1002,611
frame_video11_99.jpg,1280,720,gate,940,551,1002,602
frame_video12_142.jpg,1280,720,gate,572,226,645,267
frame_video12_147.jpg,1280,720,gate,588,210,666,253
frame_video12_150.jpg,1280,720,gate,585,199,672,250
frame_video13_100.jpg,1280,720,gate,406,526,443,557
frame_video13_104.jpg,1280,720,gate,406,516,438,549
frame_video13_112.jpg,1280,720,gate,407,505,440,540
frame_video13_114.jpg,1280,720,gate,404,506,440,539
frame_video13_123.jpg,1280,720,gate,397,509,431,544
frame_video13_128.jpg,1280,720,gate,396,507,428,542
frame_video13_131.jpg,1280,720,gate,391,511,428,544
frame_video13_136.jpg,1280,720,gate,386,512,422,554
frame_video13_140.jpg,1280,720,gate,385,514,418,548
frame_video13_149.jpg,1280,720,gate,374,514,410,552
frame_video13_152.jpg,1280,720,gate,369,529,408,570
frame_video13_161.jpg,1280,720,gate,350,533,390,573
frame_video13_166.jpg,1280,720,gate,341,520,383,561
frame_video13_168.jpg,1280,720,gate,340,495,378,534
frame_video13_177.jpg,1280,720,gate,319,442,361,488
frame_video13_186.jpg,1280,720,gate,289,442,331,490
frame_video13_188.jpg,1280,720,gate,280,438,321,491
frame_video13_230.jpg,1280,720,gate,86,313,178,424
frame_video13_238.jpg,1280,720,gate,163,345,336,472
frame_video13_80.jpg,1280,720,gate,416,520,453,548
frame_video13_87.jpg,1280,720,gate,414,530,450,562
frame_video17_67.jpg,1280,720,gate,612,335,651,360
frame_video17_77.jpg,1280,720,gate,578,392,622,419
frame_video17_87.jpg,1280,720,gate,563,414,616,446
frame_video6_359.jpg,1280,720,gate,480,197,527,234
frame_video6_363.jpg,1280,720,gate,592,234,639,268
frame_video6_366.jpg,1280,720,gate,635,245,681,283
frame_video6_368.jpg,1280,720,gate,650,252,694,289
frame_video6_372.jpg,1280,720,gate,662,281,713,322
frame_video6_374.jpg,1280,720,gate,663,297,713,341
frame_video6_378.jpg,1280,720,gate,664,323,716,368
frame_video6_380.jpg,1280,720,gate,655,334,711,379
frame_video6_390.jpg,1280,720,gate,591,354,657,407
frame_video6_391.jpg,1280,720,gate,585,356,653,410
frame_video6_394.jpg,1280,720,gate,571,361,641,417
frame_video6_402.jpg,1280,720,gate,541,366,632,428
frame_video8_1095.jpg,480,360,gate,179,177,211,198
frame_video8_1098.jpg,480,360,gate,176,176,209,198
frame_video8_1102.jpg,480,360,gate,176,189,211,212
frame_video8_1104.jpg,480,360,gate,178,204,212,224
frame_video8_1111.jpg,480,360,gate,179,172,220,195
frame_video8_1114.jpg,480,360,gate,183,165,228,189
frame_video8_1117.jpg,480,360,gate,191,176,239,203
frame_video8_1120.jpg,480,360,gate,206,184,255,217
frame_video8_1123.jpg,480,360,gate,204,191,258,226
frame_video8_1125.jpg,480,360,gate,203,187,261,226
frame_video8_1132.jpg,480,360,gate,185,150,257,193
frame_video8_1134.jpg,480,360,gate,176,155,256,202
frame_video8_1138.jpg,480,360,gate,166,177,265,232
frame_video8_1140.jpg,480,360,gate,160,176,271,234
frame_video8_1144.jpg,480,360,gate,150,169,287,242
image00551.jpg,1280,720,gate,646,370,841,471
image00551.jpg,1280,720,gate,398,348,432,387
image00741.jpg,1280,720,gate,751,149,948,251
image00741.jpg,1280,720,gate,507,125,543,164
image00751.jpg,1280,720,gate,800,154,997,252
image00751.jpg,1280,720,gate,551,125,587,167
image00841.jpg,1280,720,gate,836,201,1023,307
image01131.jpg,1280,720,gate,662,89,785,175
image01141.jpg,1280,720,gate,497,62,769,197
image01481.jpg,1280,720,gate,760,434,971,621
image01491.jpg,1280,720,gate,662,413,933,629
image01501.jpg,1280,720,gate,617,382,951,640
image01701.jpg,1280,720,gate,453,269,760,554
image01901.jpg,1280,720,gate,672,399,953,574
image02051.jpg,1280,720,gate,602,401,800,501
image02081.jpg,1280,720,gate,578,414,776,518
image02241.jpg,1280,720,gate,789,67,1125,257
image02981.jpg,1280,720,gate,637,289,753,365
image03011.jpg,1280,720,gate,583,210,739,316
image03041.jpg,1280,720,gate,541,132,884,390
image03191.jpg,1280,720,gate,226,170,479,367
image03221.jpg,1280,720,gate,298,133,549,367
image03251.jpg,1280,720,gate,418,178,672,472
image04061.jpg,1280,720,gate,719,292,994,437
image04101.jpg,1280,720,gate,320,272,589,416
